core_row,year,car_number,driver_name,delta_four_lap_average_speed_mph,residual_loyo_centered,abs_residual_loyo_centered,n_common_complete_sections,mean_delta_section_speed_mph,median_delta_section_speed_mph,sd_delta_section_speed_mph,min_delta_section_speed_mph,max_delta_section_speed_mph,positive_section_fraction,negative_section_fraction,direction_coherence,max_abs_section_change_share
0,2020,20,Ed Carpenter,0.4,-0.1074453865663387,0.1074453865663387,9,0.335111111111107,0.3847499999999968,0.5565743030908937,-0.646000000000015,1.1324999999999932,0.7777777777777778,0.2222222222222222,0.7777777777777778,0.2469203096042719
1,2020,3,Helio Castroneves,0.258,-0.0710123398286028,0.0710123398286028,9,0.21741666666666978,0.3192499999999825,0.6846253309292609,-0.9317499999999939,0.9730000000000132,0.6666666666666666,0.3333333333333333,0.6666666666666666,0.17115968160429512
2,2020,47,Conor Daly,0.071,-0.3726799398275063,0.3726799398275063,9,-0.04741666666666649,0.0832499999999925,0.8578807828014409,-1.4562500000000114,0.9879999999999995,0.5555555555555556,0.4444444444444444,0.5555555555555556,0.23125173686926837
3,2020,5,Pato O'Ward,0.311,-0.3474105928198861,0.3474105928198861,9,0.2624444444444407,0.34699999999998,0.4229507909057241,-0.7125000000000057,0.7597499999999968,0.8888888888888888,0.1111111111111111,0.8888888888888888,0.2006205439662005
4,2020,59,Max Chilton,1.484,1.1702080190504822,1.1702080190504822,9,1.3964444444444395,1.1487499999999784,1.0151321710264012,0.5025000000000261,3.1444999999999936,1.0,0.0,1.0,0.25019891788669674
5,2020,60,Jack Harvey,-0.104,-0.4768859238856346,0.4768859238856346,9,-0.0922777777777747,-0.06024999999999636,0.30062254272499433,-0.657999999999987,0.3707499999999868,0.3333333333333333,0.6666666666666666,0.6666666666666666,0.3107438016528938
6,2020,8,Marcus Ericsson,0.094,-0.2598912928073732,0.2598912928073732,9,0.05180555555555265,-0.03149999999999409,0.5820446151522913,-0.5925000000000011,0.79849999999999,0.4444444444444444,0.5555555555555556,0.4444444444444444,0.1891843866611369
7,2020,81,Ben Hanley,1.971,1.57945494014952,1.57945494014952,9,1.8393888888888972,2.0054999999999836,1.1273581057548319,-0.47024999999999295,3.2175000000000296,0.8888888888888888,0.1111111111111111,0.8888888888888888,0.1839096884824246
8,2020,88,Colton Herta,0.215,-0.1927643794706103,0.1927643794706103,9,0.15347222222222476,0.2982499999999959,0.5588201360406067,-0.6644999999999754,0.9932499999999891,0.5555555555555556,0.4444444444444444,0.5555555555555556,0.2278226962555157
9,2020,9,Scott Dixon,-0.041,-0.5253020699355216,0.5253020699355216,9,-0.006055555555548153,0.1985000000000241,0.42128311772224836,-0.703249999999997,0.3997500000000116,0.6666666666666666,0.3333333333333333,0.3333333333333333,0.21891050583657456
10,2020,9,Scott Dixon,0.102,-0.1684248066023559,0.1684248066023559,9,0.031194444444439442,-0.35599999999999454,0.8566122115069182,-0.8135000000000048,1.4467499999999802,0.4444444444444444,0.5555555555555556,0.4444444444444444,0.2459936238044614
11,2021,12,Will Power,0.176,0.0433431033147126,0.0433431033147126,9,0.10630555555555866,0.24724999999997976,0.45578403907747583,-0.7652500000000089,0.597500000000025,0.6666666666666666,0.3333333333333333,0.6666666666666666,0.20961446278162332
12,2021,16,Simona De Silvestro,0.222,0.2918458210302016,0.2918458210302016,9,0.19072222222223129,-0.1037499999999909,0.5371388967896906,-0.16024999999999068,1.380500000000012,0.4444444444444444,0.5555555555555556,0.4444444444444444,0.44070231444533203
13,2021,18,Ed Jones,0.798,0.5261636980322767,0.5261636980322767,9,0.7808333333333337,0.7980000000000018,0.22698977812887855,0.37700000000000955,1.221749999999986,1.0,0.0,1.0,0.17385272145143868
14,2021,2,Josef Newgarden,0.022,-0.3896564665988397,0.3896564665988397,9,0.04452777777777644,0.2615000000000123,0.37910409282206814,-0.5412499999999909,0.38900000000001,0.6666666666666666,0.3333333333333333,0.6666666666666666,0.1808537298471292
15,2021,21,Rinus VeeKay,0.642,0.2778380364767758,0.2778380364767758,9,0.6034444444444458,0.578249999999997,0.2795412754009347,0.2845000000000084,1.0560000000000116,1.0,0.0,1.0,0.1944393297735241
16,2021,25,Stefan Wilson,-0.02,-0.3697023639815072,0.3697023639815072,9,-0.06808333333333394,0.3404999999999916,0.8011428360473493,-1.511999999999972,0.7564999999999884,0.5555555555555556,0.4444444444444444,0.4444444444444444,0.24290132133820297
17,2021,25,Stefan Wilson,-0.062,0.0,0.0,9,-0.07261111111110886,-0.19924999999997794,0.5096560438041571,-0.6037499999999909,1.078249999999997,0.2222222222222222,0.7777777777777778,0.7777777777777778,0.317085722687845
18,2021,26,Colton Herta,-1.419,-1.2722536368737916,1.2722536368737916,9,-1.5275000000000034,-2.018749999999983,1.141755111385536,-2.78125,0.4802500000000123,0.1111111111111111,0.8888888888888888,0.8888888888888888,0.18909776992113064
19,2021,4,Dalton Kellett,-0.927,-0.954360860724224,0.954360860724224,9,-0.8872499999999977,-0.8720000000000141,0.6615771166311586,-1.9279999999999973,0.08500000000000796,0.1111111111111111,0.8888888888888888,0.8888888888888888,0.23641212715735244
20,2021,47,Conor Daly,-0.154,-0.1133144307470647,0.1133144307470647,9,-0.13752777777778785,-0.15475000000000705,0.3675258801355884,-0.630500000000012,0.5962499999999693,0.2222222222222222,0.7777777777777778,0.7777777777777778,0.22312660355658223
21,2021,60,Jack Harvey,4.695,4.617627178702476,4.617627178702476,9,4.428583333333332,4.842249999999979,1.5686894908649123,1.5497499999999889,6.931500000000028,1.0,0.0,1.0,0.17390813465555274
22,2021,7,Felix Rosenqvist,0.246,0.2048012489410595,0.2048012489410595,9,0.17724999999999605,0.04275000000001228,0.860048036449136,-0.8152500000000202,1.5630000000000166,0.5555555555555556,0.4444444444444444,0.5555555555555556,0.2655566410397984
23,2021,86,Juan Pablo Montoya,-0.154,-0.2168926726685859,0.2168926726685859,9,-0.1998611111111062,-0.21724999999997863,0.45102695511034036,-0.689249999999987,0.5679999999999836,0.2222222222222222,0.7777777777777778,0.7777777777777778,0.178411958842944
24,2021,98,Marco Andretti,0.611,-0.0008595076511483,0.0008595076511483,9,0.6339722222222216,0.7539999999999907,0.4669217085812558,-0.11224999999998886,1.2542500000000132,0.8888888888888888,0.1111111111111111,0.8888888888888888,0.21150035833228262
25,2021,98,Marco Andretti,-0.002,0.1186628397208867,0.1186628397208867,9,-0.016222222222220733,-0.14074999999996862,0.5310994410837181,-0.9177499999999839,0.8799999999999955,0.4444444444444444,0.5555555555555556,0.5555555555555556,0.26478649740334803
26,2023,11,Takuma Sato,0.465,0.3920186524777352,0.3920186524777352,9,0.4469722222222193,0.4364999999999952,0.3370145222307789,-0.004249999999984766,1.1654999999999802,0.8888888888888888,0.1111111111111111,0.8888888888888888,0.2891162790697666
27,2023,27,Kyle Kirkwood,0.227,0.0969276072882226,0.0969276072882226,9,0.1747499999999952,0.12125000000000341,0.474548337896153,-0.5519999999999925,1.0562500000000057,0.7777777777777778,0.2222222222222222,0.7777777777777778,0.315369112487871
28,2023,27,Kyle Kirkwood,0.045,0.0227389598282933,0.0227389598282933,9,0.09113888888889063,-0.021249999999980673,0.3439916448638114,-0.2737500000000068,0.7377500000000055,0.3333333333333333,0.6666666666666666,0.3333333333333333,0.33907847868551866
29,2023,29,Devlin DeFrancesco,0.08,-0.1695057102752733,0.1695057102752733,9,0.17111111111111021,0.21574999999998568,0.6830027579454632,-0.9347500000000082,1.1667500000000075,0.6666666666666666,0.3333333333333333,0.6666666666666666,0.22732586458841023
30,2023,33,Ed Carpenter,-0.109,-0.3480270384777923,0.3480270384777923,9,-0.04413888888888727,0.060250000000024784,0.5224552778574612,-0.8147500000000036,0.6605000000000132,0.5555555555555556,0.4444444444444444,0.4444444444444444,0.20408291063936113
31,2023,33,Ed Carpenter,0.178,0.1794368438561285,0.1794368438561285,9,0.2175555555555554,0.5447500000000218,0.662157526784809,-0.7394999999999925,1.0672500000000014,0.6666666666666666,0.3333333333333333,0.6666666666666666,0.1933073718529259
32,2023,66,Tony Kanaan,0.174,-0.0724368229288688,0.0724368229288688,9,0.24158333333333026,-0.02149999999997476,0.4310227299690801,-0.20350000000001955,0.9227500000000077,0.4444444444444444,0.5555555555555556,0.4444444444444444,0.3004966213465815
33,2023,66,Tony Kanaan,0.727,0.7687547502819057,0.7687547502819057,9,0.6722222222222203,0.46700000000001296,0.6421269763990957,-0.13700000000000045,1.6167499999999961,0.7777777777777778,0.2222222222222222,0.7777777777777778,0.24832962138084544
34,2023,77,Callum Ilott,3.462,3.3922253564403406,3.3922253564403406,9,3.0743888888888855,1.329499999999996,3.1107088172129043,-0.09874999999999545,8.028500000000008,0.8888888888888888,0.1111111111111111,0.8888888888888888,0.28810062080597193
35,2023,8,Marcus Ericsson,-0.314,-0.4834618477384036,0.4834618477384036,9,-0.22174999999999537,-0.18274999999999864,0.5935842400198966,-0.9694999999999823,0.6807499999999891,0.2222222222222222,0.7777777777777778,0.7777777777777778,0.20841618745633142
36,2023,8,Marcus Ericsson,0.609,0.4766324246372392,0.4766324246372392,9,0.5636944444444415,0.35275000000001455,0.46253985939352077,0.06774999999998954,1.1917499999999848,1.0,0.0,1.0,0.2349085891686771
37,2023,9,Scott Dixon,0.461,0.2279166593812244,0.2279166593812244,9,0.4825833333333315,0.4822499999999934,0.24175998557453407,0.07399999999998386,0.7925000000000182,1.0,0.0,1.0,0.18246704656651613
38,2023,6,Felix Rosenqvist,0.848,0.7199597912553156,0.7199597912553156,9,0.7886666666666619,0.9552499999999782,0.4288094710940963,0.1325000000000216,1.4025000000000034,1.0,0.0,1.0,0.19759087066779543
