core_row,year,car_number,driver_name,delta_four_lap_average_speed_mph,residual_loyo_centered,before_attempt_id,after_attempt_id,section_name,before_mean_section_speed_mph,after_mean_section_speed_mph,delta_section_speed_mph
0,2020,20,Ed Carpenter,0.4,-0.1074453865663387,9a2e168d-3dda-5e76-8daf-588c20d91341,893c5471-df02-55c0-946f-0af9d0a835d9,BS to T3,233.42075,233.56725,0.14650000000000318
0,2020,20,Ed Carpenter,0.4,-0.1074453865663387,9a2e168d-3dda-5e76-8daf-588c20d91341,893c5471-df02-55c0-946f-0af9d0a835d9,FS to SF,233.10675,232.9675,-0.1392500000000041
0,2020,20,Ed Carpenter,0.4,-0.1074453865663387,9a2e168d-3dda-5e76-8daf-588c20d91341,893c5471-df02-55c0-946f-0af9d0a835d9,SS1 to T2,226.2615,226.66775,0.40625
0,2020,20,Ed Carpenter,0.4,-0.1074453865663387,9a2e168d-3dda-5e76-8daf-588c20d91341,893c5471-df02-55c0-946f-0af9d0a835d9,SS2 to T4,225.851,226.9835,1.1324999999999932
0,2020,20,Ed Carpenter,0.4,-0.1074453865663387,9a2e168d-3dda-5e76-8daf-588c20d91341,893c5471-df02-55c0-946f-0af9d0a835d9,T/SSF to T1,236.068,235.422,-0.646000000000015
0,2020,20,Ed Carpenter,0.4,-0.1074453865663387,9a2e168d-3dda-5e76-8daf-588c20d91341,893c5471-df02-55c0-946f-0af9d0a835d9,T1 to SS1,230.29425,230.3475,0.05324999999999136
0,2020,20,Ed Carpenter,0.4,-0.1074453865663387,9a2e168d-3dda-5e76-8daf-588c20d91341,893c5471-df02-55c0-946f-0af9d0a835d9,T2 to BS,229.29500000000002,229.67975,0.3847499999999968
0,2020,20,Ed Carpenter,0.4,-0.1074453865663387,9a2e168d-3dda-5e76-8daf-588c20d91341,893c5471-df02-55c0-946f-0af9d0a835d9,T3 to SS2,228.3725,229.322,0.9495000000000005
0,2020,20,Ed Carpenter,0.4,-0.1074453865663387,9a2e168d-3dda-5e76-8daf-588c20d91341,893c5471-df02-55c0-946f-0af9d0a835d9,T4 to FS,229.07525,229.80375,0.7284999999999968
1,2020,3,Helio Castroneves,0.258,-0.0710123398286028,f2f5d37e-6270-5e2d-8ae0-2e63cea098b3,7799cc62-18bb-568d-9de2-16cb3622a0de,BS to T3,231.68525,232.571,0.8857500000000016
1,2020,3,Helio Castroneves,0.258,-0.0710123398286028,f2f5d37e-6270-5e2d-8ae0-2e63cea098b3,7799cc62-18bb-568d-9de2-16cb3622a0de,FS to SF,231.08575,230.70125000000002,-0.3844999999999743
1,2020,3,Helio Castroneves,0.258,-0.0710123398286028,f2f5d37e-6270-5e2d-8ae0-2e63cea098b3,7799cc62-18bb-568d-9de2-16cb3622a0de,SS1 to T2,224.339,225.312,0.9730000000000132
1,2020,3,Helio Castroneves,0.258,-0.0710123398286028,f2f5d37e-6270-5e2d-8ae0-2e63cea098b3,7799cc62-18bb-568d-9de2-16cb3622a0de,SS2 to T4,225.2995,224.36775,-0.9317499999999939
1,2020,3,Helio Castroneves,0.258,-0.0710123398286028,f2f5d37e-6270-5e2d-8ae0-2e63cea098b3,7799cc62-18bb-568d-9de2-16cb3622a0de,T/SSF to T1,233.0945,233.41375,0.3192499999999825
1,2020,3,Helio Castroneves,0.258,-0.0710123398286028,f2f5d37e-6270-5e2d-8ae0-2e63cea098b3,7799cc62-18bb-568d-9de2-16cb3622a0de,T1 to SS1,228.1225,228.3825,0.2599999999999909
1,2020,3,Helio Castroneves,0.258,-0.0710123398286028,f2f5d37e-6270-5e2d-8ae0-2e63cea098b3,7799cc62-18bb-568d-9de2-16cb3622a0de,T2 to BS,227.27275,227.93025,0.6574999999999989
1,2020,3,Helio Castroneves,0.258,-0.0710123398286028,f2f5d37e-6270-5e2d-8ae0-2e63cea098b3,7799cc62-18bb-568d-9de2-16cb3622a0de,T3 to SS2,227.24575,227.971,0.7252500000000168
1,2020,3,Helio Castroneves,0.258,-0.0710123398286028,f2f5d37e-6270-5e2d-8ae0-2e63cea098b3,7799cc62-18bb-568d-9de2-16cb3622a0de,T4 to FS,227.7135,227.16575,-0.5477500000000077
2,2020,47,Conor Daly,0.071,-0.3726799398275063,a7f0ef57-a971-5870-9606-1fe1cd378e2a,df3c02a3-9655-512c-a2e6-4ffe9eadc505,BS to T3,232.904,233.73525,0.8312500000000114
2,2020,47,Conor Daly,0.071,-0.3726799398275063,a7f0ef57-a971-5870-9606-1fe1cd378e2a,df3c02a3-9655-512c-a2e6-4ffe9eadc505,FS to SF,233.3495,232.391,-0.958500000000015
2,2020,47,Conor Daly,0.071,-0.3726799398275063,a7f0ef57-a971-5870-9606-1fe1cd378e2a,df3c02a3-9655-512c-a2e6-4ffe9eadc505,SS1 to T2,226.51999999999998,226.791,0.271000000000015
2,2020,47,Conor Daly,0.071,-0.3726799398275063,a7f0ef57-a971-5870-9606-1fe1cd378e2a,df3c02a3-9655-512c-a2e6-4ffe9eadc505,SS2 to T4,226.09525,226.17849999999999,0.0832499999999925
2,2020,47,Conor Daly,0.071,-0.3726799398275063,a7f0ef57-a971-5870-9606-1fe1cd378e2a,df3c02a3-9655-512c-a2e6-4ffe9eadc505,T/SSF to T1,236.14675,234.6905,-1.4562500000000114
2,2020,47,Conor Daly,0.071,-0.3726799398275063,a7f0ef57-a971-5870-9606-1fe1cd378e2a,df3c02a3-9655-512c-a2e6-4ffe9eadc505,T1 to SS1,230.89625,230.208,-0.6882500000000107
2,2020,47,Conor Daly,0.071,-0.3726799398275063,a7f0ef57-a971-5870-9606-1fe1cd378e2a,df3c02a3-9655-512c-a2e6-4ffe9eadc505,T2 to BS,229.1045,229.86625,0.7617500000000064
2,2020,47,Conor Daly,0.071,-0.3726799398275063,a7f0ef57-a971-5870-9606-1fe1cd378e2a,df3c02a3-9655-512c-a2e6-4ffe9eadc505,T3 to SS2,228.0265,229.0145,0.9879999999999995
2,2020,47,Conor Daly,0.071,-0.3726799398275063,a7f0ef57-a971-5870-9606-1fe1cd378e2a,df3c02a3-9655-512c-a2e6-4ffe9eadc505,T4 to FS,229.45075,229.19175,-0.25899999999998613
3,2020,5,Pato O'Ward,0.311,-0.3474105928198861,194c9baa-3297-571e-82bf-ac3ba81e07fc,757828a3-822d-5bd8-b9f0-681a6918b48b,BS to T3,233.18,233.527,0.34699999999998
3,2020,5,Pato O'Ward,0.311,-0.3474105928198861,194c9baa-3297-571e-82bf-ac3ba81e07fc,757828a3-822d-5bd8-b9f0-681a6918b48b,FS to SF,232.61325,232.96525,0.35200000000000387
3,2020,5,Pato O'Ward,0.311,-0.3474105928198861,194c9baa-3297-571e-82bf-ac3ba81e07fc,757828a3-822d-5bd8-b9f0-681a6918b48b,SS1 to T2,226.41325,226.95025,0.5370000000000061
3,2020,5,Pato O'Ward,0.311,-0.3474105928198861,194c9baa-3297-571e-82bf-ac3ba81e07fc,757828a3-822d-5bd8-b9f0-681a6918b48b,SS2 to T4,226.07375000000002,226.6045,0.5307499999999834
3,2020,5,Pato O'Ward,0.311,-0.3474105928198861,194c9baa-3297-571e-82bf-ac3ba81e07fc,757828a3-822d-5bd8-b9f0-681a6918b48b,T/SSF to T1,235.32075,234.60825,-0.7125000000000057
3,2020,5,Pato O'Ward,0.311,-0.3474105928198861,194c9baa-3297-571e-82bf-ac3ba81e07fc,757828a3-822d-5bd8-b9f0-681a6918b48b,T1 to SS1,230.63125,230.649,0.017750000000006594
3,2020,5,Pato O'Ward,0.311,-0.3474105928198861,194c9baa-3297-571e-82bf-ac3ba81e07fc,757828a3-822d-5bd8-b9f0-681a6918b48b,T2 to BS,229.484,230.24375,0.7597499999999968
3,2020,5,Pato O'Ward,0.311,-0.3474105928198861,194c9baa-3297-571e-82bf-ac3ba81e07fc,757828a3-822d-5bd8-b9f0-681a6918b48b,T3 to SS2,228.86775,229.05925,0.19149999999999068
3,2020,5,Pato O'Ward,0.311,-0.3474105928198861,194c9baa-3297-571e-82bf-ac3ba81e07fc,757828a3-822d-5bd8-b9f0-681a6918b48b,T4 to FS,229.49375,229.8325,0.33875000000000455
4,2020,59,Max Chilton,1.484,1.1702080190504822,75519828-93ba-5485-a4bf-a06b93f7cec3,fb65c8cf-d1c6-583e-9563-6c22e29bb081,BS to T3,228.94050000000001,229.648,0.7074999999999818
4,2020,59,Max Chilton,1.484,1.1702080190504822,75519828-93ba-5485-a4bf-a06b93f7cec3,fb65c8cf-d1c6-583e-9563-6c22e29bb081,FS to SF,229.23649999999998,229.739,0.5025000000000261
4,2020,59,Max Chilton,1.484,1.1702080190504822,75519828-93ba-5485-a4bf-a06b93f7cec3,fb65c8cf-d1c6-583e-9563-6c22e29bb081,SS1 to T2,221.62875,224.77325,3.1444999999999936
4,2020,59,Max Chilton,1.484,1.1702080190504822,75519828-93ba-5485-a4bf-a06b93f7cec3,fb65c8cf-d1c6-583e-9563-6c22e29bb081,SS2 to T4,223.22725,223.82925,0.6020000000000039
4,2020,59,Max Chilton,1.484,1.1702080190504822,75519828-93ba-5485-a4bf-a06b93f7cec3,fb65c8cf-d1c6-583e-9563-6c22e29bb081,T/SSF to T1,231.52125,232.67,1.1487499999999784
4,2020,59,Max Chilton,1.484,1.1702080190504822,75519828-93ba-5485-a4bf-a06b93f7cec3,fb65c8cf-d1c6-583e-9563-6c22e29bb081,T1 to SS1,225.6295,228.6365,3.007000000000005
4,2020,59,Max Chilton,1.484,1.1702080190504822,75519828-93ba-5485-a4bf-a06b93f7cec3,fb65c8cf-d1c6-583e-9563-6c22e29bb081,T2 to BS,224.85025000000002,226.31525,1.464999999999975
4,2020,59,Max Chilton,1.484,1.1702080190504822,75519828-93ba-5485-a4bf-a06b93f7cec3,fb65c8cf-d1c6-583e-9563-6c22e29bb081,T3 to SS2,224.80675,226.1905,1.383749999999992
4,2020,59,Max Chilton,1.484,1.1702080190504822,75519828-93ba-5485-a4bf-a06b93f7cec3,fb65c8cf-d1c6-583e-9563-6c22e29bb081,T4 to FS,226.04675,226.65375,0.6069999999999993
5,2020,60,Jack Harvey,-0.104,-0.4768859238856346,954d29f8-6770-5c41-9322-b23c885935ef,e7089fb7-0048-5bb8-8589-cc5bbc59a6cd,BS to T3,233.11575,232.45775,-0.657999999999987
5,2020,60,Jack Harvey,-0.104,-0.4768859238856346,954d29f8-6770-5c41-9322-b23c885935ef,e7089fb7-0048-5bb8-8589-cc5bbc59a6cd,FS to SF,232.82075,232.76775,-0.05299999999999727
5,2020,60,Jack Harvey,-0.104,-0.4768859238856346,954d29f8-6770-5c41-9322-b23c885935ef,e7089fb7-0048-5bb8-8589-cc5bbc59a6cd,SS1 to T2,226.71675,226.50625,-0.21049999999999613
5,2020,60,Jack Harvey,-0.104,-0.4768859238856346,954d29f8-6770-5c41-9322-b23c885935ef,e7089fb7-0048-5bb8-8589-cc5bbc59a6cd,SS2 to T4,226.2455,226.18525,-0.06024999999999636
5,2020,60,Jack Harvey,-0.104,-0.4768859238856346,954d29f8-6770-5c41-9322-b23c885935ef,e7089fb7-0048-5bb8-8589-cc5bbc59a6cd,T/SSF to T1,235.01975,235.233,0.21325000000001637
5,2020,60,Jack Harvey,-0.104,-0.4768859238856346,954d29f8-6770-5c41-9322-b23c885935ef,e7089fb7-0048-5bb8-8589-cc5bbc59a6cd,T1 to SS1,230.53925,230.91,0.3707499999999868
5,2020,60,Jack Harvey,-0.104,-0.4768859238856346,954d29f8-6770-5c41-9322-b23c885935ef,e7089fb7-0048-5bb8-8589-cc5bbc59a6cd,T2 to BS,229.19575,229.25525,0.059499999999985675
5,2020,60,Jack Harvey,-0.104,-0.4768859238856346,954d29f8-6770-5c41-9322-b23c885935ef,e7089fb7-0048-5bb8-8589-cc5bbc59a6cd,T3 to SS2,228.642,228.3315,-0.31049999999999045
5,2020,60,Jack Harvey,-0.104,-0.4768859238856346,954d29f8-6770-5c41-9322-b23c885935ef,e7089fb7-0048-5bb8-8589-cc5bbc59a6cd,T4 to FS,229.2935,229.11175,-0.18174999999999386
6,2020,8,Marcus Ericsson,0.094,-0.2598912928073732,518373d9-25de-58cf-8315-f6c215b6f672,25ddda12-052a-5d71-ac52-6e96cf8edab9,BS to T3,233.608,233.5765,-0.03149999999999409
6,2020,8,Marcus Ericsson,0.094,-0.2598912928073732,518373d9-25de-58cf-8315-f6c215b6f672,25ddda12-052a-5d71-ac52-6e96cf8edab9,FS to SF,233.3405,233.02775,-0.3127499999999941
6,2020,8,Marcus Ericsson,0.094,-0.2598912928073732,518373d9-25de-58cf-8315-f6c215b6f672,25ddda12-052a-5d71-ac52-6e96cf8edab9,SS1 to T2,226.98250000000002,227.781,0.79849999999999
6,2020,8,Marcus Ericsson,0.094,-0.2598912928073732,518373d9-25de-58cf-8315-f6c215b6f672,25ddda12-052a-5d71-ac52-6e96cf8edab9,SS2 to T4,227.8495,227.257,-0.5925000000000011
6,2020,8,Marcus Ericsson,0.094,-0.2598912928073732,518373d9-25de-58cf-8315-f6c215b6f672,25ddda12-052a-5d71-ac52-6e96cf8edab9,T/SSF to T1,235.2905,235.301,0.010499999999979082
6,2020,8,Marcus Ericsson,0.094,-0.2598912928073732,518373d9-25de-58cf-8315-f6c215b6f672,25ddda12-052a-5d71-ac52-6e96cf8edab9,T1 to SS1,230.2475,230.98425,0.7367500000000007
6,2020,8,Marcus Ericsson,0.094,-0.2598912928073732,518373d9-25de-58cf-8315-f6c215b6f672,25ddda12-052a-5d71-ac52-6e96cf8edab9,T2 to BS,229.65275,230.4505,0.7977500000000077
6,2020,8,Marcus Ericsson,0.094,-0.2598912928073732,518373d9-25de-58cf-8315-f6c215b6f672,25ddda12-052a-5d71-ac52-6e96cf8edab9,T3 to SS2,229.7735,229.41575,-0.35775000000001
6,2020,8,Marcus Ericsson,0.094,-0.2598912928073732,518373d9-25de-58cf-8315-f6c215b6f672,25ddda12-052a-5d71-ac52-6e96cf8edab9,T4 to FS,230.2705,229.68775,-0.5827500000000043
7,2020,81,Ben Hanley,1.971,1.57945494014952,a3016f3b-449e-576c-bf0f-284c71eddb34,b58b5c13-1a21-50cf-ab5b-8962cc4486f0,BS to T3,225.1975,227.26275,2.0652500000000202
7,2020,81,Ben Hanley,1.971,1.57945494014952,a3016f3b-449e-576c-bf0f-284c71eddb34,b58b5c13-1a21-50cf-ab5b-8962cc4486f0,FS to SF,224.848,225.705,0.8569999999999993
7,2020,81,Ben Hanley,1.971,1.57945494014952,a3016f3b-449e-576c-bf0f-284c71eddb34,b58b5c13-1a21-50cf-ab5b-8962cc4486f0,SS1 to T2,217.33025,219.166,1.8357499999999902
7,2020,81,Ben Hanley,1.971,1.57945494014952,a3016f3b-449e-576c-bf0f-284c71eddb34,b58b5c13-1a21-50cf-ab5b-8962cc4486f0,SS2 to T4,216.52425,219.30525,2.781000000000006
7,2020,81,Ben Hanley,1.971,1.57945494014952,a3016f3b-449e-576c-bf0f-284c71eddb34,b58b5c13-1a21-50cf-ab5b-8962cc4486f0,T/SSF to T1,228.803,228.33275,-0.47024999999999295
7,2020,81,Ben Hanley,1.971,1.57945494014952,a3016f3b-449e-576c-bf0f-284c71eddb34,b58b5c13-1a21-50cf-ab5b-8962cc4486f0,T1 to SS1,220.96675,222.45275,1.4860000000000184
7,2020,81,Ben Hanley,1.971,1.57945494014952,a3016f3b-449e-576c-bf0f-284c71eddb34,b58b5c13-1a21-50cf-ab5b-8962cc4486f0,T2 to BS,220.8255,222.831,2.0054999999999836
7,2020,81,Ben Hanley,1.971,1.57945494014952,a3016f3b-449e-576c-bf0f-284c71eddb34,b58b5c13-1a21-50cf-ab5b-8962cc4486f0,T3 to SS2,218.587,221.80450000000002,3.2175000000000296
7,2020,81,Ben Hanley,1.971,1.57945494014952,a3016f3b-449e-576c-bf0f-284c71eddb34,b58b5c13-1a21-50cf-ab5b-8962cc4486f0,T4 to FS,219.6,222.37675000000002,2.776750000000021
8,2020,88,Colton Herta,0.215,-0.1927643794706103,9ed5a76f-1d6e-5759-8ffc-9c1344b26bfc,0817e595-17c0-5e20-94bc-6778006bf613,BS to T3,233.64175,234.322,0.6802500000000009
8,2020,88,Colton Herta,0.215,-0.1927643794706103,9ed5a76f-1d6e-5759-8ffc-9c1344b26bfc,0817e595-17c0-5e20-94bc-6778006bf613,FS to SF,233.493,233.11175,-0.3812499999999943
8,2020,88,Colton Herta,0.215,-0.1927643794706103,9ed5a76f-1d6e-5759-8ffc-9c1344b26bfc,0817e595-17c0-5e20-94bc-6778006bf613,SS1 to T2,226.5235,227.51675,0.9932499999999891
8,2020,88,Colton Herta,0.215,-0.1927643794706103,9ed5a76f-1d6e-5759-8ffc-9c1344b26bfc,0817e595-17c0-5e20-94bc-6778006bf613,SS2 to T4,227.749,227.32549999999998,-0.4235000000000184
8,2020,88,Colton Herta,0.215,-0.1927643794706103,9ed5a76f-1d6e-5759-8ffc-9c1344b26bfc,0817e595-17c0-5e20-94bc-6778006bf613,T/SSF to T1,235.64875,235.62875,-0.020000000000010232
8,2020,88,Colton Herta,0.215,-0.1927643794706103,9ed5a76f-1d6e-5759-8ffc-9c1344b26bfc,0817e595-17c0-5e20-94bc-6778006bf613,T1 to SS1,230.873,231.17125,0.2982499999999959
8,2020,88,Colton Herta,0.215,-0.1927643794706103,9ed5a76f-1d6e-5759-8ffc-9c1344b26bfc,0817e595-17c0-5e20-94bc-6778006bf613,T2 to BS,229.93075,230.407,0.4762500000000216
8,2020,88,Colton Herta,0.215,-0.1927643794706103,9ed5a76f-1d6e-5759-8ffc-9c1344b26bfc,0817e595-17c0-5e20-94bc-6778006bf613,T3 to SS2,229.67125,230.09375,0.42250000000001364
8,2020,88,Colton Herta,0.215,-0.1927643794706103,9ed5a76f-1d6e-5759-8ffc-9c1344b26bfc,0817e595-17c0-5e20-94bc-6778006bf613,T4 to FS,230.46699999999998,229.8025,-0.6644999999999754
9,2020,9,Scott Dixon,-0.041,-0.5253020699355216,25f997a4-1a33-565b-b2b0-1c30d3a0f19c,33a57398-b346-53e3-b5e5-369a3ca71efc,BS to T3,234.25625,233.92225000000002,-0.33399999999997476
9,2020,9,Scott Dixon,-0.041,-0.5253020699355216,25f997a4-1a33-565b-b2b0-1c30d3a0f19c,33a57398-b346-53e3-b5e5-369a3ca71efc,FS to SF,233.7215,233.97775000000001,0.25625000000002274
9,2020,9,Scott Dixon,-0.041,-0.5253020699355216,25f997a4-1a33-565b-b2b0-1c30d3a0f19c,33a57398-b346-53e3-b5e5-369a3ca71efc,SS1 to T2,228.012,228.2985,0.28649999999998954
9,2020,9,Scott Dixon,-0.041,-0.5253020699355216,25f997a4-1a33-565b-b2b0-1c30d3a0f19c,33a57398-b346-53e3-b5e5-369a3ca71efc,SS2 to T4,227.55725,226.961,-0.5962499999999977
9,2020,9,Scott Dixon,-0.041,-0.5253020699355216,25f997a4-1a33-565b-b2b0-1c30d3a0f19c,33a57398-b346-53e3-b5e5-369a3ca71efc,T/SSF to T1,236.43675000000002,236.56725,0.13049999999998363
9,2020,9,Scott Dixon,-0.041,-0.5253020699355216,25f997a4-1a33-565b-b2b0-1c30d3a0f19c,33a57398-b346-53e3-b5e5-369a3ca71efc,T1 to SS1,231.849,232.0475,0.1985000000000241
9,2020,9,Scott Dixon,-0.041,-0.5253020699355216,25f997a4-1a33-565b-b2b0-1c30d3a0f19c,33a57398-b346-53e3-b5e5-369a3ca71efc,T2 to BS,230.421,230.7285,0.30750000000000455
9,2020,9,Scott Dixon,-0.041,-0.5253020699355216,25f997a4-1a33-565b-b2b0-1c30d3a0f19c,33a57398-b346-53e3-b5e5-369a3ca71efc,T3 to SS2,230.1435,229.44025,-0.703249999999997
9,2020,9,Scott Dixon,-0.041,-0.5253020699355216,25f997a4-1a33-565b-b2b0-1c30d3a0f19c,33a57398-b346-53e3-b5e5-369a3ca71efc,T4 to FS,230.12275,230.5225,0.3997500000000116
10,2020,9,Scott Dixon,0.102,-0.1684248066023559,33a57398-b346-53e3-b5e5-369a3ca71efc,b4a08fbf-93db-50a2-9416-96b3b9d1b41a,BS to T3,233.92225000000002,235.369,1.4467499999999802
10,2020,9,Scott Dixon,0.102,-0.1684248066023559,33a57398-b346-53e3-b5e5-369a3ca71efc,b4a08fbf-93db-50a2-9416-96b3b9d1b41a,FS to SF,233.97775000000001,233.4015,-0.5762500000000159
10,2020,9,Scott Dixon,0.102,-0.1684248066023559,33a57398-b346-53e3-b5e5-369a3ca71efc,b4a08fbf-93db-50a2-9416-96b3b9d1b41a,SS1 to T2,228.2985,227.81575,-0.4827499999999816
10,2020,9,Scott Dixon,0.102,-0.1684248066023559,33a57398-b346-53e3-b5e5-369a3ca71efc,b4a08fbf-93db-50a2-9416-96b3b9d1b41a,SS2 to T4,226.961,226.99824999999998,0.037249999999971806
10,2020,9,Scott Dixon,0.102,-0.1684248066023559,33a57398-b346-53e3-b5e5-369a3ca71efc,b4a08fbf-93db-50a2-9416-96b3b9d1b41a,T/SSF to T1,236.56725,236.21125,-0.35599999999999454
10,2020,9,Scott Dixon,0.102,-0.1684248066023559,33a57398-b346-53e3-b5e5-369a3ca71efc,b4a08fbf-93db-50a2-9416-96b3b9d1b41a,T1 to SS1,232.0475,231.47575,-0.5717500000000086
10,2020,9,Scott Dixon,0.102,-0.1684248066023559,33a57398-b346-53e3-b5e5-369a3ca71efc,b4a08fbf-93db-50a2-9416-96b3b9d1b41a,T2 to BS,230.7285,230.88325,0.15475000000000705
10,2020,9,Scott Dixon,0.102,-0.1684248066023559,33a57398-b346-53e3-b5e5-369a3ca71efc,b4a08fbf-93db-50a2-9416-96b3b9d1b41a,T3 to SS2,229.44025,230.8825,1.4422500000000014
10,2020,9,Scott Dixon,0.102,-0.1684248066023559,33a57398-b346-53e3-b5e5-369a3ca71efc,b4a08fbf-93db-50a2-9416-96b3b9d1b41a,T4 to FS,230.5225,229.709,-0.8135000000000048
11,2021,12,Will Power,0.176,0.0433431033147126,6992580a-0371-5eda-b01d-2adaca099ff4,5aa71106-e201-5143-bb9a-21ccf4063a9e,BS to T3,233.0585,233.30575,0.24724999999997976
11,2021,12,Will Power,0.176,0.0433431033147126,6992580a-0371-5eda-b01d-2adaca099ff4,5aa71106-e201-5143-bb9a-21ccf4063a9e,FS to SF,231.8185,231.05325,-0.7652500000000089
11,2021,12,Will Power,0.176,0.0433431033147126,6992580a-0371-5eda-b01d-2adaca099ff4,5aa71106-e201-5143-bb9a-21ccf4063a9e,SS1 to T2,226.20725000000002,226.62825,0.42099999999999227
11,2021,12,Will Power,0.176,0.0433431033147126,6992580a-0371-5eda-b01d-2adaca099ff4,5aa71106-e201-5143-bb9a-21ccf4063a9e,SS2 to T4,224.9665,225.34825,0.3817500000000109
11,2021,12,Will Power,0.176,0.0433431033147126,6992580a-0371-5eda-b01d-2adaca099ff4,5aa71106-e201-5143-bb9a-21ccf4063a9e,T/SSF to T1,233.74325,233.34050000000002,-0.4027499999999691
11,2021,12,Will Power,0.176,0.0433431033147126,6992580a-0371-5eda-b01d-2adaca099ff4,5aa71106-e201-5143-bb9a-21ccf4063a9e,T1 to SS1,228.61775,229.06275,0.4449999999999932
11,2021,12,Will Power,0.176,0.0433431033147126,6992580a-0371-5eda-b01d-2adaca099ff4,5aa71106-e201-5143-bb9a-21ccf4063a9e,T2 to BS,229.6965,229.90775,0.21125000000000682
11,2021,12,Will Power,0.176,0.0433431033147126,6992580a-0371-5eda-b01d-2adaca099ff4,5aa71106-e201-5143-bb9a-21ccf4063a9e,T3 to SS2,227.765,228.3625,0.597500000000025
11,2021,12,Will Power,0.176,0.0433431033147126,6992580a-0371-5eda-b01d-2adaca099ff4,5aa71106-e201-5143-bb9a-21ccf4063a9e,T4 to FS,228.0545,227.8755,-0.17900000000000205
12,2021,16,Simona De Silvestro,0.222,0.2918458210302016,8f660bff-74bd-551e-9007-95b730f87e7d,adc26df0-920d-5dc7-a952-03b3fb57700a,BS to T3,231.38775,232.76825000000002,1.380500000000012
12,2021,16,Simona De Silvestro,0.222,0.2918458210302016,8f660bff-74bd-551e-9007-95b730f87e7d,adc26df0-920d-5dc7-a952-03b3fb57700a,FS to SF,231.10475,231.001,-0.1037499999999909
12,2021,16,Simona De Silvestro,0.222,0.2918458210302016,8f660bff-74bd-551e-9007-95b730f87e7d,adc26df0-920d-5dc7-a952-03b3fb57700a,SS1 to T2,225.189,225.0455,-0.14349999999998886
12,2021,16,Simona De Silvestro,0.222,0.2918458210302016,8f660bff-74bd-551e-9007-95b730f87e7d,adc26df0-920d-5dc7-a952-03b3fb57700a,SS2 to T4,224.6445,224.5025,-0.1419999999999959
12,2021,16,Simona De Silvestro,0.222,0.2918458210302016,8f660bff-74bd-551e-9007-95b730f87e7d,adc26df0-920d-5dc7-a952-03b3fb57700a,T/SSF to T1,233.10825,232.948,-0.16024999999999068
12,2021,16,Simona De Silvestro,0.222,0.2918458210302016,8f660bff-74bd-551e-9007-95b730f87e7d,adc26df0-920d-5dc7-a952-03b3fb57700a,T1 to SS1,228.27724999999998,228.565,0.2877500000000168
12,2021,16,Simona De Silvestro,0.222,0.2918458210302016,8f660bff-74bd-551e-9007-95b730f87e7d,adc26df0-920d-5dc7-a952-03b3fb57700a,T2 to BS,227.93075,227.94925,0.01850000000001728
12,2021,16,Simona De Silvestro,0.222,0.2918458210302016,8f660bff-74bd-551e-9007-95b730f87e7d,adc26df0-920d-5dc7-a952-03b3fb57700a,T3 to SS2,227.12275,227.8605,0.7377500000000055
12,2021,16,Simona De Silvestro,0.222,0.2918458210302016,8f660bff-74bd-551e-9007-95b730f87e7d,adc26df0-920d-5dc7-a952-03b3fb57700a,T4 to FS,227.52475,227.36625,-0.15850000000000364
13,2021,18,Ed Jones,0.798,0.5261636980322767,4e9e7c88-ddeb-5840-93be-4f539f6eaf04,4085390f-e83a-5315-8def-464aeb920059,BS to T3,234.118,235.33974999999998,1.221749999999986
13,2021,18,Ed Jones,0.798,0.5261636980322767,4e9e7c88-ddeb-5840-93be-4f539f6eaf04,4085390f-e83a-5315-8def-464aeb920059,FS to SF,232.01274999999998,232.74875,0.7360000000000184
13,2021,18,Ed Jones,0.798,0.5261636980322767,4e9e7c88-ddeb-5840-93be-4f539f6eaf04,4085390f-e83a-5315-8def-464aeb920059,SS1 to T2,227.51725,228.37675000000002,0.8595000000000255
13,2021,18,Ed Jones,0.798,0.5261636980322767,4e9e7c88-ddeb-5840-93be-4f539f6eaf04,4085390f-e83a-5315-8def-464aeb920059,SS2 to T4,226.81575,227.61375,0.7980000000000018
13,2021,18,Ed Jones,0.798,0.5261636980322767,4e9e7c88-ddeb-5840-93be-4f539f6eaf04,4085390f-e83a-5315-8def-464aeb920059,T/SSF to T1,234.119,234.496,0.37700000000000955
13,2021,18,Ed Jones,0.798,0.5261636980322767,4e9e7c88-ddeb-5840-93be-4f539f6eaf04,4085390f-e83a-5315-8def-464aeb920059,T1 to SS1,230.0345,230.652,0.6174999999999784
13,2021,18,Ed Jones,0.798,0.5261636980322767,4e9e7c88-ddeb-5840-93be-4f539f6eaf04,4085390f-e83a-5315-8def-464aeb920059,T2 to BS,230.5245,231.22325,0.6987500000000182
13,2021,18,Ed Jones,0.798,0.5261636980322767,4e9e7c88-ddeb-5840-93be-4f539f6eaf04,4085390f-e83a-5315-8def-464aeb920059,T3 to SS2,229.89025,230.73525,0.8449999999999989
13,2021,18,Ed Jones,0.798,0.5261636980322767,4e9e7c88-ddeb-5840-93be-4f539f6eaf04,4085390f-e83a-5315-8def-464aeb920059,T4 to FS,228.87425000000002,229.74824999999998,0.8739999999999668
14,2021,2,Josef Newgarden,0.022,-0.3896564665988397,c4c9ba22-d28c-5937-b36c-72fffbbb67b5,2493785c-dc47-5ba6-8d28-5398e7a11983,BS to T3,233.8245,233.33249999999998,-0.49200000000001864
14,2021,2,Josef Newgarden,0.022,-0.3896564665988397,c4c9ba22-d28c-5937-b36c-72fffbbb67b5,2493785c-dc47-5ba6-8d28-5398e7a11983,FS to SF,232.258,232.29075,0.03274999999999295
14,2021,2,Josef Newgarden,0.022,-0.3896564665988397,c4c9ba22-d28c-5937-b36c-72fffbbb67b5,2493785c-dc47-5ba6-8d28-5398e7a11983,SS1 to T2,227.18175,227.57075,0.38900000000001
14,2021,2,Josef Newgarden,0.022,-0.3896564665988397,c4c9ba22-d28c-5937-b36c-72fffbbb67b5,2493785c-dc47-5ba6-8d28-5398e7a11983,SS2 to T4,226.412,226.73675,0.32474999999999454
14,2021,2,Josef Newgarden,0.022,-0.3896564665988397,c4c9ba22-d28c-5937-b36c-72fffbbb67b5,2493785c-dc47-5ba6-8d28-5398e7a11983,T/SSF to T1,234.02975,234.382,0.35224999999999795
14,2021,2,Josef Newgarden,0.022,-0.3896564665988397,c4c9ba22-d28c-5937-b36c-72fffbbb67b5,2493785c-dc47-5ba6-8d28-5398e7a11983,T1 to SS1,229.84075,230.17725,0.3364999999999725
14,2021,2,Josef Newgarden,0.022,-0.3896564665988397,c4c9ba22-d28c-5937-b36c-72fffbbb67b5,2493785c-dc47-5ba6-8d28-5398e7a11983,T2 to BS,230.43325,229.892,-0.5412499999999909
14,2021,2,Josef Newgarden,0.022,-0.3896564665988397,c4c9ba22-d28c-5937-b36c-72fffbbb67b5,2493785c-dc47-5ba6-8d28-5398e7a11983,T3 to SS2,229.404,229.14125,-0.2627499999999827
14,2021,2,Josef Newgarden,0.022,-0.3896564665988397,c4c9ba22-d28c-5937-b36c-72fffbbb67b5,2493785c-dc47-5ba6-8d28-5398e7a11983,T4 to FS,229.0375,229.299,0.2615000000000123
15,2021,21,Rinus VeeKay,0.642,0.2778380364767758,407a503c-1695-5af6-9b88-28e9d802c8d1,c10dbae2-ca30-5e09-88ab-298fcf7fa163,BS to T3,234.2465,235.1295,0.8830000000000098
15,2021,21,Rinus VeeKay,0.642,0.2778380364767758,407a503c-1695-5af6-9b88-28e9d802c8d1,c10dbae2-ca30-5e09-88ab-298fcf7fa163,FS to SF,233.17675,233.51475,0.33799999999999386
15,2021,21,Rinus VeeKay,0.642,0.2778380364767758,407a503c-1695-5af6-9b88-28e9d802c8d1,c10dbae2-ca30-5e09-88ab-298fcf7fa163,SS1 to T2,228.0,228.797,0.796999999999997
15,2021,21,Rinus VeeKay,0.642,0.2778380364767758,407a503c-1695-5af6-9b88-28e9d802c8d1,c10dbae2-ca30-5e09-88ab-298fcf7fa163,SS2 to T4,227.50175000000002,227.96025,0.4584999999999866
15,2021,21,Rinus VeeKay,0.642,0.2778380364767758,407a503c-1695-5af6-9b88-28e9d802c8d1,c10dbae2-ca30-5e09-88ab-298fcf7fa163,T/SSF to T1,234.809,235.0935,0.2845000000000084
15,2021,21,Rinus VeeKay,0.642,0.2778380364767758,407a503c-1695-5af6-9b88-28e9d802c8d1,c10dbae2-ca30-5e09-88ab-298fcf7fa163,T1 to SS1,230.82750000000001,231.40575,0.578249999999997
15,2021,21,Rinus VeeKay,0.642,0.2778380364767758,407a503c-1695-5af6-9b88-28e9d802c8d1,c10dbae2-ca30-5e09-88ab-298fcf7fa163,T2 to BS,230.8115,231.8675,1.0560000000000116
15,2021,21,Rinus VeeKay,0.642,0.2778380364767758,407a503c-1695-5af6-9b88-28e9d802c8d1,c10dbae2-ca30-5e09-88ab-298fcf7fa163,T3 to SS2,230.26225,230.9995,0.7372500000000173
15,2021,21,Rinus VeeKay,0.642,0.2778380364767758,407a503c-1695-5af6-9b88-28e9d802c8d1,c10dbae2-ca30-5e09-88ab-298fcf7fa163,T4 to FS,229.98250000000002,230.281,0.29849999999999
16,2021,25,Stefan Wilson,-0.02,-0.3697023639815072,8c31470a-6324-527c-bfc3-fe19d8c1dc4d,09935cc4-f542-569f-b50c-7460e0663860,BS to T3,233.307,233.9625,0.6555000000000177
16,2021,25,Stefan Wilson,-0.02,-0.3697023639815072,8c31470a-6324-527c-bfc3-fe19d8c1dc4d,09935cc4-f542-569f-b50c-7460e0663860,FS to SF,231.75825,231.099,-0.6592500000000143
16,2021,25,Stefan Wilson,-0.02,-0.3697023639815072,8c31470a-6324-527c-bfc3-fe19d8c1dc4d,09935cc4-f542-569f-b50c-7460e0663860,SS1 to T2,227.00475,227.34525,0.3404999999999916
16,2021,25,Stefan Wilson,-0.02,-0.3697023639815072,8c31470a-6324-527c-bfc3-fe19d8c1dc4d,09935cc4-f542-569f-b50c-7460e0663860,SS2 to T4,226.21675,225.56025,-0.6564999999999941
16,2021,25,Stefan Wilson,-0.02,-0.3697023639815072,8c31470a-6324-527c-bfc3-fe19d8c1dc4d,09935cc4-f542-569f-b50c-7460e0663860,T/SSF to T1,233.31275,233.80425,0.49150000000000205
16,2021,25,Stefan Wilson,-0.02,-0.3697023639815072,8c31470a-6324-527c-bfc3-fe19d8c1dc4d,09935cc4-f542-569f-b50c-7460e0663860,T1 to SS1,229.345,229.90699999999998,0.5619999999999834
16,2021,25,Stefan Wilson,-0.02,-0.3697023639815072,8c31470a-6324-527c-bfc3-fe19d8c1dc4d,09935cc4-f542-569f-b50c-7460e0663860,T2 to BS,230.497,229.906,-0.5910000000000082
16,2021,25,Stefan Wilson,-0.02,-0.3697023639815072,8c31470a-6324-527c-bfc3-fe19d8c1dc4d,09935cc4-f542-569f-b50c-7460e0663860,T3 to SS2,228.81,229.5665,0.7564999999999884
16,2021,25,Stefan Wilson,-0.02,-0.3697023639815072,8c31470a-6324-527c-bfc3-fe19d8c1dc4d,09935cc4-f542-569f-b50c-7460e0663860,T4 to FS,229.0775,227.56550000000001,-1.511999999999972
17,2021,25,Stefan Wilson,-0.062,0.0,09935cc4-f542-569f-b50c-7460e0663860,8ac7badc-828c-5c70-bbf4-d92f136c2564,BS to T3,233.9625,234.25775,0.2952499999999816
17,2021,25,Stefan Wilson,-0.062,0.0,09935cc4-f542-569f-b50c-7460e0663860,8ac7badc-828c-5c70-bbf4-d92f136c2564,FS to SF,231.099,230.89975,-0.19924999999997794
17,2021,25,Stefan Wilson,-0.062,0.0,09935cc4-f542-569f-b50c-7460e0663860,8ac7badc-828c-5c70-bbf4-d92f136c2564,SS1 to T2,227.34525,227.298,-0.04724999999999113
17,2021,25,Stefan Wilson,-0.062,0.0,09935cc4-f542-569f-b50c-7460e0663860,8ac7badc-828c-5c70-bbf4-d92f136c2564,SS2 to T4,225.56025,224.9565,-0.6037499999999909
17,2021,25,Stefan Wilson,-0.062,0.0,09935cc4-f542-569f-b50c-7460e0663860,8ac7badc-828c-5c70-bbf4-d92f136c2564,T/SSF to T1,233.80425,233.49875,-0.305499999999995
17,2021,25,Stefan Wilson,-0.062,0.0,09935cc4-f542-569f-b50c-7460e0663860,8ac7badc-828c-5c70-bbf4-d92f136c2564,T1 to SS1,229.90699999999998,229.3475,-0.5594999999999857
17,2021,25,Stefan Wilson,-0.062,0.0,09935cc4-f542-569f-b50c-7460e0663860,8ac7badc-828c-5c70-bbf4-d92f136c2564,T2 to BS,229.906,230.98425,1.078249999999997
17,2021,25,Stefan Wilson,-0.062,0.0,09935cc4-f542-569f-b50c-7460e0663860,8ac7badc-828c-5c70-bbf4-d92f136c2564,T3 to SS2,229.5665,229.32625,-0.24025000000000318
17,2021,25,Stefan Wilson,-0.062,0.0,09935cc4-f542-569f-b50c-7460e0663860,8ac7badc-828c-5c70-bbf4-d92f136c2564,T4 to FS,227.56550000000001,227.494,-0.07150000000001455
18,2021,26,Colton Herta,-1.419,-1.2722536368737916,e9da8645-6367-51bf-8601-3670e9e76c5e,90108456-7f40-5313-a9ff-43273b65d2f0,BS to T3,234.08425,234.5645,0.4802500000000123
18,2021,26,Colton Herta,-1.419,-1.2722536368737916,e9da8645-6367-51bf-8601-3670e9e76c5e,90108456-7f40-5313-a9ff-43273b65d2f0,FS to SF,234.404,231.84075,-2.5632499999999823
18,2021,26,Colton Herta,-1.419,-1.2722536368737916,e9da8645-6367-51bf-8601-3670e9e76c5e,90108456-7f40-5313-a9ff-43273b65d2f0,SS1 to T2,229.20875,227.66174999999998,-1.5470000000000255
18,2021,26,Colton Herta,-1.419,-1.2722536368737916,e9da8645-6367-51bf-8601-3670e9e76c5e,90108456-7f40-5313-a9ff-43273b65d2f0,SS2 to T4,228.103,225.7515,-2.3515000000000157
18,2021,26,Colton Herta,-1.419,-1.2722536368737916,e9da8645-6367-51bf-8601-3670e9e76c5e,90108456-7f40-5313-a9ff-43273b65d2f0,T/SSF to T1,236.53625,234.4525,-2.083750000000009
18,2021,26,Colton Herta,-1.419,-1.2722536368737916,e9da8645-6367-51bf-8601-3670e9e76c5e,90108456-7f40-5313-a9ff-43273b65d2f0,T1 to SS1,232.67675,230.65800000000002,-2.018749999999983
18,2021,26,Colton Herta,-1.419,-1.2722536368737916,e9da8645-6367-51bf-8601-3670e9e76c5e,90108456-7f40-5313-a9ff-43273b65d2f0,T2 to BS,230.965,230.809,-0.1560000000000059
18,2021,26,Colton Herta,-1.419,-1.2722536368737916,e9da8645-6367-51bf-8601-3670e9e76c5e,90108456-7f40-5313-a9ff-43273b65d2f0,T3 to SS2,230.3685,229.64225,-0.7262500000000216
18,2021,26,Colton Herta,-1.419,-1.2722536368737916,e9da8645-6367-51bf-8601-3670e9e76c5e,90108456-7f40-5313-a9ff-43273b65d2f0,T4 to FS,231.1395,228.35825,-2.78125
19,2021,4,Dalton Kellett,-0.927,-0.954360860724224,099ab32a-d351-5011-931c-148b9f3d7921,a5d8e516-48e0-58b8-ac13-213c753fc12d,BS to T3,232.30925,232.39425,0.08500000000000796
19,2021,4,Dalton Kellett,-0.927,-0.954360860724224,099ab32a-d351-5011-931c-148b9f3d7921,a5d8e516-48e0-58b8-ac13-213c753fc12d,FS to SF,232.0205,231.238,-0.7824999999999989
19,2021,4,Dalton Kellett,-0.927,-0.954360860724224,099ab32a-d351-5011-931c-148b9f3d7921,a5d8e516-48e0-58b8-ac13-213c753fc12d,SS1 to T2,226.56925,224.64125,-1.9279999999999973
19,2021,4,Dalton Kellett,-0.927,-0.954360860724224,099ab32a-d351-5011-931c-148b9f3d7921,a5d8e516-48e0-58b8-ac13-213c753fc12d,SS2 to T4,225.72025000000002,224.84825,-0.8720000000000141
19,2021,4,Dalton Kellett,-0.927,-0.954360860724224,099ab32a-d351-5011-931c-148b9f3d7921,a5d8e516-48e0-58b8-ac13-213c753fc12d,T/SSF to T1,233.7005,233.147,-0.5535000000000139
19,2021,4,Dalton Kellett,-0.927,-0.954360860724224,099ab32a-d351-5011-931c-148b9f3d7921,a5d8e516-48e0-58b8-ac13-213c753fc12d,T1 to SS1,229.301,227.7585,-1.5424999999999898
19,2021,4,Dalton Kellett,-0.927,-0.954360860724224,099ab32a-d351-5011-931c-148b9f3d7921,a5d8e516-48e0-58b8-ac13-213c753fc12d,T2 to BS,229.4965,228.09300000000002,-1.4034999999999798
19,2021,4,Dalton Kellett,-0.927,-0.954360860724224,099ab32a-d351-5011-931c-148b9f3d7921,a5d8e516-48e0-58b8-ac13-213c753fc12d,T3 to SS2,227.81625,227.73775,-0.07849999999999113
19,2021,4,Dalton Kellett,-0.927,-0.954360860724224,099ab32a-d351-5011-931c-148b9f3d7921,a5d8e516-48e0-58b8-ac13-213c753fc12d,T4 to FS,228.837,227.92725,-0.9097500000000025
20,2021,47,Conor Daly,-0.154,-0.1133144307470647,11be8bd4-5c39-5bd2-b24f-b6c87f0d885a,fb947c1e-3d51-506f-bbbc-12ecbcdce5da,BS to T3,233.28275000000002,233.879,0.5962499999999693
20,2021,47,Conor Daly,-0.154,-0.1133144307470647,11be8bd4-5c39-5bd2-b24f-b6c87f0d885a,fb947c1e-3d51-506f-bbbc-12ecbcdce5da,FS to SF,232.77225,232.74099999999999,-0.03125000000002842
20,2021,47,Conor Daly,-0.154,-0.1133144307470647,11be8bd4-5c39-5bd2-b24f-b6c87f0d885a,fb947c1e-3d51-506f-bbbc-12ecbcdce5da,SS1 to T2,228.23425,227.7585,-0.475750000000005
20,2021,47,Conor Daly,-0.154,-0.1133144307470647,11be8bd4-5c39-5bd2-b24f-b6c87f0d885a,fb947c1e-3d51-506f-bbbc-12ecbcdce5da,SS2 to T4,227.16400000000002,226.5335,-0.630500000000012
20,2021,47,Conor Daly,-0.154,-0.1133144307470647,11be8bd4-5c39-5bd2-b24f-b6c87f0d885a,fb947c1e-3d51-506f-bbbc-12ecbcdce5da,T/SSF to T1,234.4085,234.60625,0.197749999999985
20,2021,47,Conor Daly,-0.154,-0.1133144307470647,11be8bd4-5c39-5bd2-b24f-b6c87f0d885a,fb947c1e-3d51-506f-bbbc-12ecbcdce5da,T1 to SS1,230.447,230.29275,-0.15424999999999045
20,2021,47,Conor Daly,-0.154,-0.1133144307470647,11be8bd4-5c39-5bd2-b24f-b6c87f0d885a,fb947c1e-3d51-506f-bbbc-12ecbcdce5da,T2 to BS,230.26999999999998,230.05599999999998,-0.21399999999999864
20,2021,47,Conor Daly,-0.154,-0.1133144307470647,11be8bd4-5c39-5bd2-b24f-b6c87f0d885a,fb947c1e-3d51-506f-bbbc-12ecbcdce5da,T3 to SS2,229.60725,229.4525,-0.15475000000000705
20,2021,47,Conor Daly,-0.154,-0.1133144307470647,11be8bd4-5c39-5bd2-b24f-b6c87f0d885a,fb947c1e-3d51-506f-bbbc-12ecbcdce5da,T4 to FS,229.7445,229.37324999999998,-0.3712500000000034
21,2021,60,Jack Harvey,4.695,4.617627178702476,7d5d82b7-9765-51c9-b149-cb7de00d3905,8ff02437-bce9-5d86-b3c7-906d93963538,BS to T3,229.6515,234.49374999999998,4.842249999999979
21,2021,60,Jack Harvey,4.695,4.617627178702476,7d5d82b7-9765-51c9-b149-cb7de00d3905,8ff02437-bce9-5d86-b3c7-906d93963538,FS to SF,228.73175,231.65,2.9182500000000005
21,2021,60,Jack Harvey,4.695,4.617627178702476,7d5d82b7-9765-51c9-b149-cb7de00d3905,8ff02437-bce9-5d86-b3c7-906d93963538,SS1 to T2,222.44650000000001,227.7505,5.303999999999974
21,2021,60,Jack Harvey,4.695,4.617627178702476,7d5d82b7-9765-51c9-b149-cb7de00d3905,8ff02437-bce9-5d86-b3c7-906d93963538,SS2 to T4,221.35725,226.29925,4.942000000000007
21,2021,60,Jack Harvey,4.695,4.617627178702476,7d5d82b7-9765-51c9-b149-cb7de00d3905,8ff02437-bce9-5d86-b3c7-906d93963538,T/SSF to T1,232.26425,233.814,1.5497499999999889
21,2021,60,Jack Harvey,4.695,4.617627178702476,7d5d82b7-9765-51c9-b149-cb7de00d3905,8ff02437-bce9-5d86-b3c7-906d93963538,T1 to SS1,226.12525,230.08275,3.9575000000000102
21,2021,60,Jack Harvey,4.695,4.617627178702476,7d5d82b7-9765-51c9-b149-cb7de00d3905,8ff02437-bce9-5d86-b3c7-906d93963538,T2 to BS,225.474,230.97875,5.504750000000001
21,2021,60,Jack Harvey,4.695,4.617627178702476,7d5d82b7-9765-51c9-b149-cb7de00d3905,8ff02437-bce9-5d86-b3c7-906d93963538,T3 to SS2,222.575,229.50650000000002,6.931500000000028
21,2021,60,Jack Harvey,4.695,4.617627178702476,7d5d82b7-9765-51c9-b149-cb7de00d3905,8ff02437-bce9-5d86-b3c7-906d93963538,T4 to FS,224.688,228.59525,3.9072500000000048
22,2021,7,Felix Rosenqvist,0.246,0.2048012489410595,4bfd7a23-3f35-5bcf-9655-c286d7ee30ed,595096e7-98a7-552c-a5f8-f2f3eeb54d68,BS to T3,233.21625,234.52075,1.3044999999999902
22,2021,7,Felix Rosenqvist,0.246,0.2048012489410595,4bfd7a23-3f35-5bcf-9655-c286d7ee30ed,595096e7-98a7-552c-a5f8-f2f3eeb54d68,FS to SF,232.88,232.42825,-0.4517500000000041
22,2021,7,Felix Rosenqvist,0.246,0.2048012489410595,4bfd7a23-3f35-5bcf-9655-c286d7ee30ed,595096e7-98a7-552c-a5f8-f2f3eeb54d68,SS1 to T2,228.09825,228.817,0.71875
22,2021,7,Felix Rosenqvist,0.246,0.2048012489410595,4bfd7a23-3f35-5bcf-9655-c286d7ee30ed,595096e7-98a7-552c-a5f8-f2f3eeb54d68,SS2 to T4,227.28425000000001,226.469,-0.8152500000000202
22,2021,7,Felix Rosenqvist,0.246,0.2048012489410595,4bfd7a23-3f35-5bcf-9655-c286d7ee30ed,595096e7-98a7-552c-a5f8-f2f3eeb54d68,T/SSF to T1,234.57150000000001,234.5,-0.07150000000001455
22,2021,7,Felix Rosenqvist,0.246,0.2048012489410595,4bfd7a23-3f35-5bcf-9655-c286d7ee30ed,595096e7-98a7-552c-a5f8-f2f3eeb54d68,T1 to SS1,230.874,230.91675,0.04275000000001228
22,2021,7,Felix Rosenqvist,0.246,0.2048012489410595,4bfd7a23-3f35-5bcf-9655-c286d7ee30ed,595096e7-98a7-552c-a5f8-f2f3eeb54d68,T2 to BS,230.0505,231.61350000000002,1.5630000000000166
22,2021,7,Felix Rosenqvist,0.246,0.2048012489410595,4bfd7a23-3f35-5bcf-9655-c286d7ee30ed,595096e7-98a7-552c-a5f8-f2f3eeb54d68,T3 to SS2,229.5965,229.708,0.1115000000000066
22,2021,7,Felix Rosenqvist,0.246,0.2048012489410595,4bfd7a23-3f35-5bcf-9655-c286d7ee30ed,595096e7-98a7-552c-a5f8-f2f3eeb54d68,T4 to FS,230.1665,229.35975,-0.8067500000000223
23,2021,86,Juan Pablo Montoya,-0.154,-0.2168926726685859,11bd473d-0cf3-56e2-9aa9-fb4487870c59,f39f497a-d8a0-55e6-8bd1-ef646a4f6e71,BS to T3,233.5345,233.99875,0.4642499999999927
23,2021,86,Juan Pablo Montoya,-0.154,-0.2168926726685859,11bd473d-0cf3-56e2-9aa9-fb4487870c59,f39f497a-d8a0-55e6-8bd1-ef646a4f6e71,FS to SF,232.23325,231.773,-0.46025000000000205
23,2021,86,Juan Pablo Montoya,-0.154,-0.2168926726685859,11bd473d-0cf3-56e2-9aa9-fb4487870c59,f39f497a-d8a0-55e6-8bd1-ef646a4f6e71,SS1 to T2,226.87275,226.65550000000002,-0.21724999999997863
23,2021,86,Juan Pablo Montoya,-0.154,-0.2168926726685859,11bd473d-0cf3-56e2-9aa9-fb4487870c59,f39f497a-d8a0-55e6-8bd1-ef646a4f6e71,SS2 to T4,226.0085,225.42725000000002,-0.581249999999983
23,2021,86,Juan Pablo Montoya,-0.154,-0.2168926726685859,11bd473d-0cf3-56e2-9aa9-fb4487870c59,f39f497a-d8a0-55e6-8bd1-ef646a4f6e71,T/SSF to T1,234.42675,233.86124999999998,-0.5655000000000143
23,2021,86,Juan Pablo Montoya,-0.154,-0.2168926726685859,11bd473d-0cf3-56e2-9aa9-fb4487870c59,f39f497a-d8a0-55e6-8bd1-ef646a4f6e71,T1 to SS1,229.93099999999998,229.71475,-0.21624999999997385
23,2021,86,Juan Pablo Montoya,-0.154,-0.2168926726685859,11bd473d-0cf3-56e2-9aa9-fb4487870c59,f39f497a-d8a0-55e6-8bd1-ef646a4f6e71,T2 to BS,230.29425,230.193,-0.10124999999999318
23,2021,86,Juan Pablo Montoya,-0.154,-0.2168926726685859,11bd473d-0cf3-56e2-9aa9-fb4487870c59,f39f497a-d8a0-55e6-8bd1-ef646a4f6e71,T3 to SS2,228.953,229.521,0.5679999999999836
23,2021,86,Juan Pablo Montoya,-0.154,-0.2168926726685859,11bd473d-0cf3-56e2-9aa9-fb4487870c59,f39f497a-d8a0-55e6-8bd1-ef646a4f6e71,T4 to FS,229.126,228.43675000000002,-0.689249999999987
24,2021,98,Marco Andretti,0.611,-0.0008595076511483,c2deab22-d3a0-5601-80f8-4cbf631c8f88,b671a083-ccd6-5511-a882-53e7bf202c19,BS to T3,233.3525,233.24025,-0.11224999999998886
24,2021,98,Marco Andretti,0.611,-0.0008595076511483,c2deab22-d3a0-5601-80f8-4cbf631c8f88,b671a083-ccd6-5511-a882-53e7bf202c19,FS to SF,230.81550000000001,231.873,1.0574999999999761
24,2021,98,Marco Andretti,0.611,-0.0008595076511483,c2deab22-d3a0-5601-80f8-4cbf631c8f88,b671a083-ccd6-5511-a882-53e7bf202c19,SS1 to T2,226.79174999999998,228.046,1.2542500000000132
24,2021,98,Marco Andretti,0.611,-0.0008595076511483,c2deab22-d3a0-5601-80f8-4cbf631c8f88,b671a083-ccd6-5511-a882-53e7bf202c19,SS2 to T4,225.30325,225.70675,0.4035000000000082
24,2021,98,Marco Andretti,0.611,-0.0008595076511483,c2deab22-d3a0-5601-80f8-4cbf631c8f88,b671a083-ccd6-5511-a882-53e7bf202c19,T/SSF to T1,233.09074999999999,233.8505,0.7597500000000252
24,2021,98,Marco Andretti,0.611,-0.0008595076511483,c2deab22-d3a0-5601-80f8-4cbf631c8f88,b671a083-ccd6-5511-a882-53e7bf202c19,T1 to SS1,228.8865,229.99575,1.1092499999999745
24,2021,98,Marco Andretti,0.611,-0.0008595076511483,c2deab22-d3a0-5601-80f8-4cbf631c8f88,b671a083-ccd6-5511-a882-53e7bf202c19,T2 to BS,229.81900000000002,230.0995,0.2804999999999893
24,2021,98,Marco Andretti,0.611,-0.0008595076511483,c2deab22-d3a0-5601-80f8-4cbf631c8f88,b671a083-ccd6-5511-a882-53e7bf202c19,T3 to SS2,229.1695,229.36875,0.19925000000000637
24,2021,98,Marco Andretti,0.611,-0.0008595076511483,c2deab22-d3a0-5601-80f8-4cbf631c8f88,b671a083-ccd6-5511-a882-53e7bf202c19,T4 to FS,227.69625000000002,228.45025,0.7539999999999907
25,2021,98,Marco Andretti,-0.002,0.1186628397208867,b671a083-ccd6-5511-a882-53e7bf202c19,cb6ab391-510a-562a-a1bc-a173959477a0,BS to T3,233.24025,234.12025,0.8799999999999955
25,2021,98,Marco Andretti,-0.002,0.1186628397208867,b671a083-ccd6-5511-a882-53e7bf202c19,cb6ab391-510a-562a-a1bc-a173959477a0,FS to SF,231.873,231.62875,-0.24424999999999386
25,2021,98,Marco Andretti,-0.002,0.1186628397208867,b671a083-ccd6-5511-a882-53e7bf202c19,cb6ab391-510a-562a-a1bc-a173959477a0,SS1 to T2,228.046,227.12825,-0.9177499999999839
25,2021,98,Marco Andretti,-0.002,0.1186628397208867,b671a083-ccd6-5511-a882-53e7bf202c19,cb6ab391-510a-562a-a1bc-a173959477a0,SS2 to T4,225.70675,225.72875,0.02199999999999136
25,2021,98,Marco Andretti,-0.002,0.1186628397208867,b671a083-ccd6-5511-a882-53e7bf202c19,cb6ab391-510a-562a-a1bc-a173959477a0,T/SSF to T1,233.8505,233.5025,-0.3480000000000132
25,2021,98,Marco Andretti,-0.002,0.1186628397208867,b671a083-ccd6-5511-a882-53e7bf202c19,cb6ab391-510a-562a-a1bc-a173959477a0,T1 to SS1,229.99575,229.85500000000002,-0.14074999999996862
25,2021,98,Marco Andretti,-0.002,0.1186628397208867,b671a083-ccd6-5511-a882-53e7bf202c19,cb6ab391-510a-562a-a1bc-a173959477a0,T2 to BS,230.0995,230.73325,0.633749999999992
25,2021,98,Marco Andretti,-0.002,0.1186628397208867,b671a083-ccd6-5511-a882-53e7bf202c19,cb6ab391-510a-562a-a1bc-a173959477a0,T3 to SS2,229.36875,229.2135,-0.15524999999999523
25,2021,98,Marco Andretti,-0.002,0.1186628397208867,b671a083-ccd6-5511-a882-53e7bf202c19,cb6ab391-510a-562a-a1bc-a173959477a0,T4 to FS,228.45025,228.5745,0.12424999999998931
26,2023,11,Takuma Sato,0.465,0.3920186524777352,55b6b39a-d64a-5a38-9dbc-84a9faac294b,dd0ff96a-0d57-5ba5-8691-ebf2359edec4,BS to T3,234.22275,234.65925,0.4364999999999952
26,2023,11,Takuma Sato,0.465,0.3920186524777352,55b6b39a-d64a-5a38-9dbc-84a9faac294b,dd0ff96a-0d57-5ba5-8691-ebf2359edec4,FS to SF,236.69825,237.3015,0.6032500000000027
26,2023,11,Takuma Sato,0.465,0.3920186524777352,55b6b39a-d64a-5a38-9dbc-84a9faac294b,dd0ff96a-0d57-5ba5-8691-ebf2359edec4,SS1 to T2,230.8905,231.13049999999998,0.23999999999998067
26,2023,11,Takuma Sato,0.465,0.3920186524777352,55b6b39a-d64a-5a38-9dbc-84a9faac294b,dd0ff96a-0d57-5ba5-8691-ebf2359edec4,SS2 to T4,228.0825,229.248,1.1654999999999802
26,2023,11,Takuma Sato,0.465,0.3920186524777352,55b6b39a-d64a-5a38-9dbc-84a9faac294b,dd0ff96a-0d57-5ba5-8691-ebf2359edec4,T/SSF to T1,240.5075,240.50325,-0.004249999999984766
26,2023,11,Takuma Sato,0.465,0.3920186524777352,55b6b39a-d64a-5a38-9dbc-84a9faac294b,dd0ff96a-0d57-5ba5-8691-ebf2359edec4,T1 to SS1,235.4425,235.80025,0.35775000000001
26,2023,11,Takuma Sato,0.465,0.3920186524777352,55b6b39a-d64a-5a38-9dbc-84a9faac294b,dd0ff96a-0d57-5ba5-8691-ebf2359edec4,T2 to BS,231.72375,231.8645,0.14074999999999704
26,2023,11,Takuma Sato,0.465,0.3920186524777352,55b6b39a-d64a-5a38-9dbc-84a9faac294b,dd0ff96a-0d57-5ba5-8691-ebf2359edec4,T3 to SS2,230.138,230.65025,0.5122499999999945
26,2023,11,Takuma Sato,0.465,0.3920186524777352,55b6b39a-d64a-5a38-9dbc-84a9faac294b,dd0ff96a-0d57-5ba5-8691-ebf2359edec4,T4 to FS,232.1415,232.7125,0.570999999999998
27,2023,27,Kyle Kirkwood,0.227,0.0969276072882226,dda33fdd-49c8-5082-a03d-252bf1a6fa49,f9f206a7-b2ab-5eb9-8805-0d279c65164d,BS to T3,233.06275,234.119,1.0562500000000057
27,2023,27,Kyle Kirkwood,0.227,0.0969276072882226,dda33fdd-49c8-5082-a03d-252bf1a6fa49,f9f206a7-b2ab-5eb9-8805-0d279c65164d,FS to SF,236.7985,236.2465,-0.5519999999999925
27,2023,27,Kyle Kirkwood,0.227,0.0969276072882226,dda33fdd-49c8-5082-a03d-252bf1a6fa49,f9f206a7-b2ab-5eb9-8805-0d279c65164d,SS1 to T2,230.2075,230.31675,0.10925000000000296
27,2023,27,Kyle Kirkwood,0.227,0.0969276072882226,dda33fdd-49c8-5082-a03d-252bf1a6fa49,f9f206a7-b2ab-5eb9-8805-0d279c65164d,SS2 to T4,228.394,228.5795,0.18549999999999045
27,2023,27,Kyle Kirkwood,0.227,0.0969276072882226,dda33fdd-49c8-5082-a03d-252bf1a6fa49,f9f206a7-b2ab-5eb9-8805-0d279c65164d,T/SSF to T1,239.6325,239.7115,0.07900000000000773
27,2023,27,Kyle Kirkwood,0.227,0.0969276072882226,dda33fdd-49c8-5082-a03d-252bf1a6fa49,f9f206a7-b2ab-5eb9-8805-0d279c65164d,T1 to SS1,234.84975,234.971,0.12125000000000341
27,2023,27,Kyle Kirkwood,0.227,0.0969276072882226,dda33fdd-49c8-5082-a03d-252bf1a6fa49,f9f206a7-b2ab-5eb9-8805-0d279c65164d,T2 to BS,230.88675,231.16575,0.27899999999999636
27,2023,27,Kyle Kirkwood,0.227,0.0969276072882226,dda33fdd-49c8-5082-a03d-252bf1a6fa49,f9f206a7-b2ab-5eb9-8805-0d279c65164d,T3 to SS2,229.61725,230.248,0.6307499999999777
27,2023,27,Kyle Kirkwood,0.227,0.0969276072882226,dda33fdd-49c8-5082-a03d-252bf1a6fa49,f9f206a7-b2ab-5eb9-8805-0d279c65164d,T4 to FS,232.38375000000002,232.04749999999999,-0.33625000000003524
28,2023,27,Kyle Kirkwood,0.045,0.0227389598282933,f9f206a7-b2ab-5eb9-8805-0d279c65164d,970e09d9-9783-53a2-ac70-f2117bee1d09,BS to T3,234.119,234.09775000000002,-0.021249999999980673
28,2023,27,Kyle Kirkwood,0.045,0.0227389598282933,f9f206a7-b2ab-5eb9-8805-0d279c65164d,970e09d9-9783-53a2-ac70-f2117bee1d09,FS to SF,236.2465,236.98425,0.7377500000000055
28,2023,27,Kyle Kirkwood,0.045,0.0227389598282933,f9f206a7-b2ab-5eb9-8805-0d279c65164d,970e09d9-9783-53a2-ac70-f2117bee1d09,SS1 to T2,230.31675,230.236,-0.08075000000002319
28,2023,27,Kyle Kirkwood,0.045,0.0227389598282933,f9f206a7-b2ab-5eb9-8805-0d279c65164d,970e09d9-9783-53a2-ac70-f2117bee1d09,SS2 to T4,228.5795,228.30575,-0.2737500000000068
28,2023,27,Kyle Kirkwood,0.045,0.0227389598282933,f9f206a7-b2ab-5eb9-8805-0d279c65164d,970e09d9-9783-53a2-ac70-f2117bee1d09,T/SSF to T1,239.7115,240.267,0.555499999999995
28,2023,27,Kyle Kirkwood,0.045,0.0227389598282933,f9f206a7-b2ab-5eb9-8805-0d279c65164d,970e09d9-9783-53a2-ac70-f2117bee1d09,T1 to SS1,234.971,235.17575,0.20474999999999
28,2023,27,Kyle Kirkwood,0.045,0.0227389598282933,f9f206a7-b2ab-5eb9-8805-0d279c65164d,970e09d9-9783-53a2-ac70-f2117bee1d09,T2 to BS,231.16575,231.0165,-0.149249999999995
28,2023,27,Kyle Kirkwood,0.045,0.0227389598282933,f9f206a7-b2ab-5eb9-8805-0d279c65164d,970e09d9-9783-53a2-ac70-f2117bee1d09,T3 to SS2,230.248,230.09825,-0.14974999999998317
28,2023,27,Kyle Kirkwood,0.045,0.0227389598282933,f9f206a7-b2ab-5eb9-8805-0d279c65164d,970e09d9-9783-53a2-ac70-f2117bee1d09,T4 to FS,232.04749999999999,232.0445,-0.002999999999985903
29,2023,29,Devlin DeFrancesco,0.08,-0.1695057102752733,f10d3a91-6f0d-59f0-9ea9-4db5cf6e44b9,ab6f7ab5-b6ba-5e02-9560-f89bd35b575c,BS to T3,232.69725,232.47225,-0.22499999999999432
29,2023,29,Devlin DeFrancesco,0.08,-0.1695057102752733,f10d3a91-6f0d-59f0-9ea9-4db5cf6e44b9,ab6f7ab5-b6ba-5e02-9560-f89bd35b575c,FS to SF,235.0085,235.832,0.8234999999999957
29,2023,29,Devlin DeFrancesco,0.08,-0.1695057102752733,f10d3a91-6f0d-59f0-9ea9-4db5cf6e44b9,ab6f7ab5-b6ba-5e02-9560-f89bd35b575c,SS1 to T2,229.56825,228.6335,-0.9347500000000082
29,2023,29,Devlin DeFrancesco,0.08,-0.1695057102752733,f10d3a91-6f0d-59f0-9ea9-4db5cf6e44b9,ab6f7ab5-b6ba-5e02-9560-f89bd35b575c,SS2 to T4,227.08025,227.2125,0.1322499999999991
29,2023,29,Devlin DeFrancesco,0.08,-0.1695057102752733,f10d3a91-6f0d-59f0-9ea9-4db5cf6e44b9,ab6f7ab5-b6ba-5e02-9560-f89bd35b575c,T/SSF to T1,238.0135,239.18025,1.1667500000000075
29,2023,29,Devlin DeFrancesco,0.08,-0.1695057102752733,f10d3a91-6f0d-59f0-9ea9-4db5cf6e44b9,ab6f7ab5-b6ba-5e02-9560-f89bd35b575c,T1 to SS1,232.8435,233.522,0.6784999999999854
29,2023,29,Devlin DeFrancesco,0.08,-0.1695057102752733,f10d3a91-6f0d-59f0-9ea9-4db5cf6e44b9,ab6f7ab5-b6ba-5e02-9560-f89bd35b575c,T2 to BS,230.5855,229.949,-0.6364999999999839
29,2023,29,Devlin DeFrancesco,0.08,-0.1695057102752733,f10d3a91-6f0d-59f0-9ea9-4db5cf6e44b9,ab6f7ab5-b6ba-5e02-9560-f89bd35b575c,T3 to SS2,228.3915,228.60725,0.21574999999998568
29,2023,29,Devlin DeFrancesco,0.08,-0.1695057102752733,f10d3a91-6f0d-59f0-9ea9-4db5cf6e44b9,ab6f7ab5-b6ba-5e02-9560-f89bd35b575c,T4 to FS,231.13475,231.45425,0.319500000000005
30,2023,33,Ed Carpenter,-0.109,-0.3480270384777923,04dd64f3-9175-537b-b611-47d98856e4b7,2b14c17d-769c-504e-819b-55270bb93b13,BS to T3,234.44275,233.80349999999999,-0.6392500000000041
30,2023,33,Ed Carpenter,-0.109,-0.3480270384777923,04dd64f3-9175-537b-b611-47d98856e4b7,2b14c17d-769c-504e-819b-55270bb93b13,FS to SF,236.51125000000002,236.9635,0.45224999999999227
30,2023,33,Ed Carpenter,-0.109,-0.3480270384777923,04dd64f3-9175-537b-b611-47d98856e4b7,2b14c17d-769c-504e-819b-55270bb93b13,SS1 to T2,230.60225,230.98675,0.38450000000000273
30,2023,33,Ed Carpenter,-0.109,-0.3480270384777923,04dd64f3-9175-537b-b611-47d98856e4b7,2b14c17d-769c-504e-819b-55270bb93b13,SS2 to T4,228.304,227.98125,-0.3227500000000134
30,2023,33,Ed Carpenter,-0.109,-0.3480270384777923,04dd64f3-9175-537b-b611-47d98856e4b7,2b14c17d-769c-504e-819b-55270bb93b13,T/SSF to T1,239.3155,239.976,0.6605000000000132
30,2023,33,Ed Carpenter,-0.109,-0.3480270384777923,04dd64f3-9175-537b-b611-47d98856e4b7,2b14c17d-769c-504e-819b-55270bb93b13,T1 to SS1,234.493,234.733,0.2400000000000091
30,2023,33,Ed Carpenter,-0.109,-0.3480270384777923,04dd64f3-9175-537b-b611-47d98856e4b7,2b14c17d-769c-504e-819b-55270bb93b13,T2 to BS,231.674,231.256,-0.41800000000000637
30,2023,33,Ed Carpenter,-0.109,-0.3480270384777923,04dd64f3-9175-537b-b611-47d98856e4b7,2b14c17d-769c-504e-819b-55270bb93b13,T3 to SS2,230.05875,229.244,-0.8147500000000036
30,2023,33,Ed Carpenter,-0.109,-0.3480270384777923,04dd64f3-9175-537b-b611-47d98856e4b7,2b14c17d-769c-504e-819b-55270bb93b13,T4 to FS,231.85,231.91025000000002,0.060250000000024784
31,2023,33,Ed Carpenter,0.178,0.1794368438561285,2b14c17d-769c-504e-819b-55270bb93b13,55035890-97e8-57a3-a2e1-4845f4b05eb9,BS to T3,233.80349999999999,233.2955,-0.5079999999999814
31,2023,33,Ed Carpenter,0.178,0.1794368438561285,2b14c17d-769c-504e-819b-55270bb93b13,55035890-97e8-57a3-a2e1-4845f4b05eb9,FS to SF,236.9635,237.074,0.11050000000000182
31,2023,33,Ed Carpenter,0.178,0.1794368438561285,2b14c17d-769c-504e-819b-55270bb93b13,55035890-97e8-57a3-a2e1-4845f4b05eb9,SS1 to T2,230.98675,230.45274999999998,-0.5340000000000202
31,2023,33,Ed Carpenter,0.178,0.1794368438561285,2b14c17d-769c-504e-819b-55270bb93b13,55035890-97e8-57a3-a2e1-4845f4b05eb9,SS2 to T4,227.98125,229.0485,1.0672500000000014
31,2023,33,Ed Carpenter,0.178,0.1794368438561285,2b14c17d-769c-504e-819b-55270bb93b13,55035890-97e8-57a3-a2e1-4845f4b05eb9,T/SSF to T1,239.976,240.52075000000002,0.5447500000000218
31,2023,33,Ed Carpenter,0.178,0.1794368438561285,2b14c17d-769c-504e-819b-55270bb93b13,55035890-97e8-57a3-a2e1-4845f4b05eb9,T1 to SS1,234.733,235.36124999999998,0.62824999999998
31,2023,33,Ed Carpenter,0.178,0.1794368438561285,2b14c17d-769c-504e-819b-55270bb93b13,55035890-97e8-57a3-a2e1-4845f4b05eb9,T2 to BS,231.256,230.5165,-0.7394999999999925
31,2023,33,Ed Carpenter,0.178,0.1794368438561285,2b14c17d-769c-504e-819b-55270bb93b13,55035890-97e8-57a3-a2e1-4845f4b05eb9,T3 to SS2,229.244,229.80325,0.5592499999999916
31,2023,33,Ed Carpenter,0.178,0.1794368438561285,2b14c17d-769c-504e-819b-55270bb93b13,55035890-97e8-57a3-a2e1-4845f4b05eb9,T4 to FS,231.91025000000002,232.73975000000002,0.8294999999999959
32,2023,66,Tony Kanaan,0.174,-0.0724368229288688,09f4cf1e-3fb8-5bfc-808c-b733eb495b54,fdb7fb74-bf21-54a6-8668-36c035e40628,BS to T3,233.15375,232.999,-0.15475000000000705
32,2023,66,Tony Kanaan,0.174,-0.0724368229288688,09f4cf1e-3fb8-5bfc-808c-b733eb495b54,fdb7fb74-bf21-54a6-8668-36c035e40628,FS to SF,236.0385,236.96125,0.9227500000000077
32,2023,66,Tony Kanaan,0.174,-0.0724368229288688,09f4cf1e-3fb8-5bfc-808c-b733eb495b54,fdb7fb74-bf21-54a6-8668-36c035e40628,SS1 to T2,231.02824999999999,231.00675,-0.02149999999997476
32,2023,66,Tony Kanaan,0.174,-0.0724368229288688,09f4cf1e-3fb8-5bfc-808c-b733eb495b54,fdb7fb74-bf21-54a6-8668-36c035e40628,SS2 to T4,228.33525,228.29500000000002,-0.04024999999998613
32,2023,66,Tony Kanaan,0.174,-0.0724368229288688,09f4cf1e-3fb8-5bfc-808c-b733eb495b54,fdb7fb74-bf21-54a6-8668-36c035e40628,T/SSF to T1,239.074,239.927,0.8529999999999802
32,2023,66,Tony Kanaan,0.174,-0.0724368229288688,09f4cf1e-3fb8-5bfc-808c-b733eb495b54,fdb7fb74-bf21-54a6-8668-36c035e40628,T1 to SS1,235.087,235.457,0.37000000000000455
32,2023,66,Tony Kanaan,0.174,-0.0724368229288688,09f4cf1e-3fb8-5bfc-808c-b733eb495b54,fdb7fb74-bf21-54a6-8668-36c035e40628,T2 to BS,231.47775000000001,231.27425,-0.20350000000001955
32,2023,66,Tony Kanaan,0.174,-0.0724368229288688,09f4cf1e-3fb8-5bfc-808c-b733eb495b54,fdb7fb74-bf21-54a6-8668-36c035e40628,T3 to SS2,229.485,229.45675,-0.028250000000014097
32,2023,66,Tony Kanaan,0.174,-0.0724368229288688,09f4cf1e-3fb8-5bfc-808c-b733eb495b54,fdb7fb74-bf21-54a6-8668-36c035e40628,T4 to FS,232.03825,232.515,0.47674999999998136
33,2023,66,Tony Kanaan,0.727,0.7687547502819057,fdb7fb74-bf21-54a6-8668-36c035e40628,d1af19f4-254b-5058-b545-543906d4584e,BS to T3,232.999,234.34375,1.3447500000000048
33,2023,66,Tony Kanaan,0.727,0.7687547502819057,fdb7fb74-bf21-54a6-8668-36c035e40628,d1af19f4-254b-5058-b545-543906d4584e,FS to SF,236.96125,237.3075,0.3462499999999977
33,2023,66,Tony Kanaan,0.727,0.7687547502819057,fdb7fb74-bf21-54a6-8668-36c035e40628,d1af19f4-254b-5058-b545-543906d4584e,SS1 to T2,231.00675,230.9135,-0.09325000000001182
33,2023,66,Tony Kanaan,0.727,0.7687547502819057,fdb7fb74-bf21-54a6-8668-36c035e40628,d1af19f4-254b-5058-b545-543906d4584e,SS2 to T4,228.29500000000002,229.655,1.3599999999999852
33,2023,66,Tony Kanaan,0.727,0.7687547502819057,fdb7fb74-bf21-54a6-8668-36c035e40628,d1af19f4-254b-5058-b545-543906d4584e,T/SSF to T1,239.927,239.79,-0.13700000000000045
33,2023,66,Tony Kanaan,0.727,0.7687547502819057,fdb7fb74-bf21-54a6-8668-36c035e40628,d1af19f4-254b-5058-b545-543906d4584e,T1 to SS1,235.457,235.83974999999998,0.38274999999998727
33,2023,66,Tony Kanaan,0.727,0.7687547502819057,fdb7fb74-bf21-54a6-8668-36c035e40628,d1af19f4-254b-5058-b545-543906d4584e,T2 to BS,231.27425,231.74125,0.46700000000001296
33,2023,66,Tony Kanaan,0.727,0.7687547502819057,fdb7fb74-bf21-54a6-8668-36c035e40628,d1af19f4-254b-5058-b545-543906d4584e,T3 to SS2,229.45675,231.0735,1.6167499999999961
33,2023,66,Tony Kanaan,0.727,0.7687547502819057,fdb7fb74-bf21-54a6-8668-36c035e40628,d1af19f4-254b-5058-b545-543906d4584e,T4 to FS,232.515,233.27775,0.7627500000000111
34,2023,77,Callum Ilott,3.462,3.3922253564403406,f7e8b948-2fd0-5183-971b-aaea5c66c226,333cf68d-54d9-5559-ac70-c73c27086892,BS to T3,230.2495,232.80225,2.5527499999999748
34,2023,77,Callum Ilott,3.462,3.3922253564403406,f7e8b948-2fd0-5183-971b-aaea5c66c226,333cf68d-54d9-5559-ac70-c73c27086892,FS to SF,235.01,235.55775,0.5477500000000077
34,2023,77,Callum Ilott,3.462,3.3922253564403406,f7e8b948-2fd0-5183-971b-aaea5c66c226,333cf68d-54d9-5559-ac70-c73c27086892,SS1 to T2,220.14724999999999,228.17575,8.028500000000008
34,2023,77,Callum Ilott,3.462,3.3922253564403406,f7e8b948-2fd0-5183-971b-aaea5c66c226,333cf68d-54d9-5559-ac70-c73c27086892,SS2 to T4,226.1715,227.501,1.329499999999996
34,2023,77,Callum Ilott,3.462,3.3922253564403406,f7e8b948-2fd0-5183-971b-aaea5c66c226,333cf68d-54d9-5559-ac70-c73c27086892,T/SSF to T1,238.882,238.78325,-0.09874999999999545
34,2023,77,Callum Ilott,3.462,3.3922253564403406,f7e8b948-2fd0-5183-971b-aaea5c66c226,333cf68d-54d9-5559-ac70-c73c27086892,T1 to SS1,225.09775,232.96925,7.8714999999999975
34,2023,77,Callum Ilott,3.462,3.3922253564403406,f7e8b948-2fd0-5183-971b-aaea5c66c226,333cf68d-54d9-5559-ac70-c73c27086892,T2 to BS,224.56925,229.5015,4.932249999999982
34,2023,77,Callum Ilott,3.462,3.3922253564403406,f7e8b948-2fd0-5183-971b-aaea5c66c226,333cf68d-54d9-5559-ac70-c73c27086892,T3 to SS2,227.80825,229.0445,1.2362500000000125
34,2023,77,Callum Ilott,3.462,3.3922253564403406,f7e8b948-2fd0-5183-971b-aaea5c66c226,333cf68d-54d9-5559-ac70-c73c27086892,T4 to FS,229.3615,230.63125,1.2697499999999877
35,2023,8,Marcus Ericsson,-0.314,-0.4834618477384036,67f2af5c-ca4c-55e7-8c2a-5361873b43cc,fce06089-154b-512e-a547-fd144ec0961c,BS to T3,234.3685,233.5615,-0.8070000000000164
35,2023,8,Marcus Ericsson,-0.314,-0.4834618477384036,67f2af5c-ca4c-55e7-8c2a-5361873b43cc,fce06089-154b-512e-a547-fd144ec0961c,FS to SF,236.20575,236.853,0.6472500000000139
35,2023,8,Marcus Ericsson,-0.314,-0.4834618477384036,67f2af5c-ca4c-55e7-8c2a-5361873b43cc,fce06089-154b-512e-a547-fd144ec0961c,SS1 to T2,230.77675,229.80725,-0.9694999999999823
35,2023,8,Marcus Ericsson,-0.314,-0.4834618477384036,67f2af5c-ca4c-55e7-8c2a-5361873b43cc,fce06089-154b-512e-a547-fd144ec0961c,SS2 to T4,228.721,228.53825,-0.18274999999999864
35,2023,8,Marcus Ericsson,-0.314,-0.4834618477384036,67f2af5c-ca4c-55e7-8c2a-5361873b43cc,fce06089-154b-512e-a547-fd144ec0961c,T/SSF to T1,239.103,239.78375,0.6807499999999891
35,2023,8,Marcus Ericsson,-0.314,-0.4834618477384036,67f2af5c-ca4c-55e7-8c2a-5361873b43cc,fce06089-154b-512e-a547-fd144ec0961c,T1 to SS1,234.40075,234.27625,-0.1244999999999834
35,2023,8,Marcus Ericsson,-0.314,-0.4834618477384036,67f2af5c-ca4c-55e7-8c2a-5361873b43cc,fce06089-154b-512e-a547-fd144ec0961c,T2 to BS,232.16875,231.39525,-0.7734999999999843
35,2023,8,Marcus Ericsson,-0.314,-0.4834618477384036,67f2af5c-ca4c-55e7-8c2a-5361873b43cc,fce06089-154b-512e-a547-fd144ec0961c,T3 to SS2,230.11925,229.76,-0.35925000000000296
35,2023,8,Marcus Ericsson,-0.314,-0.4834618477384036,67f2af5c-ca4c-55e7-8c2a-5361873b43cc,fce06089-154b-512e-a547-fd144ec0961c,T4 to FS,232.24975,232.1425,-0.1072499999999934
36,2023,8,Marcus Ericsson,0.609,0.4766324246372392,fce06089-154b-512e-a547-fd144ec0961c,79d389ee-b055-582a-8985-c09472aa4d69,BS to T3,233.5615,234.546,0.984499999999997
36,2023,8,Marcus Ericsson,0.609,0.4766324246372392,fce06089-154b-512e-a547-fd144ec0961c,79d389ee-b055-582a-8985-c09472aa4d69,FS to SF,236.853,236.94774999999998,0.09474999999997635
36,2023,8,Marcus Ericsson,0.609,0.4766324246372392,fce06089-154b-512e-a547-fd144ec0961c,79d389ee-b055-582a-8985-c09472aa4d69,SS1 to T2,229.80725,230.999,1.1917499999999848
36,2023,8,Marcus Ericsson,0.609,0.4766324246372392,fce06089-154b-512e-a547-fd144ec0961c,79d389ee-b055-582a-8985-c09472aa4d69,SS2 to T4,228.53825,228.606,0.06774999999998954
36,2023,8,Marcus Ericsson,0.609,0.4766324246372392,fce06089-154b-512e-a547-fd144ec0961c,79d389ee-b055-582a-8985-c09472aa4d69,T/SSF to T1,239.78375,240.1365,0.35275000000001455
36,2023,8,Marcus Ericsson,0.609,0.4766324246372392,fce06089-154b-512e-a547-fd144ec0961c,79d389ee-b055-582a-8985-c09472aa4d69,T1 to SS1,234.27625,235.4595,1.1832499999999868
36,2023,8,Marcus Ericsson,0.609,0.4766324246372392,fce06089-154b-512e-a547-fd144ec0961c,79d389ee-b055-582a-8985-c09472aa4d69,T2 to BS,231.39525,231.60175,0.20650000000000546
36,2023,8,Marcus Ericsson,0.609,0.4766324246372392,fce06089-154b-512e-a547-fd144ec0961c,79d389ee-b055-582a-8985-c09472aa4d69,T3 to SS2,229.76,230.48950000000002,0.72950000000003
36,2023,8,Marcus Ericsson,0.609,0.4766324246372392,fce06089-154b-512e-a547-fd144ec0961c,79d389ee-b055-582a-8985-c09472aa4d69,T4 to FS,232.1425,232.405,0.26249999999998863
37,2023,9,Scott Dixon,0.461,0.2279166593812244,ad6c40ac-4389-5426-b8e5-1d130ac9da81,3a0bcd66-fa08-5944-bf0b-5ec6c5a10f91,BS to T3,233.8475,234.0115,0.1640000000000157
37,2023,9,Scott Dixon,0.461,0.2279166593812244,ad6c40ac-4389-5426-b8e5-1d130ac9da81,3a0bcd66-fa08-5944-bf0b-5ec6c5a10f91,FS to SF,236.9275,237.59425,0.6667499999999791
37,2023,9,Scott Dixon,0.461,0.2279166593812244,ad6c40ac-4389-5426-b8e5-1d130ac9da81,3a0bcd66-fa08-5944-bf0b-5ec6c5a10f91,SS1 to T2,231.0,231.407,0.4070000000000107
37,2023,9,Scott Dixon,0.461,0.2279166593812244,ad6c40ac-4389-5426-b8e5-1d130ac9da81,3a0bcd66-fa08-5944-bf0b-5ec6c5a10f91,SS2 to T4,229.15175,229.61875,0.46700000000001296
37,2023,9,Scott Dixon,0.461,0.2279166593812244,ad6c40ac-4389-5426-b8e5-1d130ac9da81,3a0bcd66-fa08-5944-bf0b-5ec6c5a10f91,T/SSF to T1,239.70325,240.1855,0.4822499999999934
37,2023,9,Scott Dixon,0.461,0.2279166593812244,ad6c40ac-4389-5426-b8e5-1d130ac9da81,3a0bcd66-fa08-5944-bf0b-5ec6c5a10f91,T1 to SS1,235.10725000000002,235.82475,0.7174999999999727
37,2023,9,Scott Dixon,0.461,0.2279166593812244,ad6c40ac-4389-5426-b8e5-1d130ac9da81,3a0bcd66-fa08-5944-bf0b-5ec6c5a10f91,T2 to BS,231.35075,231.923,0.5722499999999968
37,2023,9,Scott Dixon,0.461,0.2279166593812244,ad6c40ac-4389-5426-b8e5-1d130ac9da81,3a0bcd66-fa08-5944-bf0b-5ec6c5a10f91,T3 to SS2,230.40575,230.47975,0.07399999999998386
37,2023,9,Scott Dixon,0.461,0.2279166593812244,ad6c40ac-4389-5426-b8e5-1d130ac9da81,3a0bcd66-fa08-5944-bf0b-5ec6c5a10f91,T4 to FS,232.62099999999998,233.4135,0.7925000000000182
38,2023,6,Felix Rosenqvist,0.848,0.7199597912553156,9c85ad9a-de5a-5a03-9262-9ef6823db9e8,f684d582-76d7-5411-83d0-39af174901c3,BS to T3,234.224,235.35,1.1260000000000048
38,2023,6,Felix Rosenqvist,0.848,0.7199597912553156,9c85ad9a-de5a-5a03-9262-9ef6823db9e8,f684d582-76d7-5411-83d0-39af174901c3,FS to SF,236.98399999999998,237.1165,0.1325000000000216
38,2023,6,Felix Rosenqvist,0.848,0.7199597912553156,9c85ad9a-de5a-5a03-9262-9ef6823db9e8,f684d582-76d7-5411-83d0-39af174901c3,SS1 to T2,231.33975,232.304,0.9642499999999927
38,2023,6,Felix Rosenqvist,0.848,0.7199597912553156,9c85ad9a-de5a-5a03-9262-9ef6823db9e8,f684d582-76d7-5411-83d0-39af174901c3,SS2 to T4,228.94575,230.025,1.0792500000000018
38,2023,6,Felix Rosenqvist,0.848,0.7199597912553156,9c85ad9a-de5a-5a03-9262-9ef6823db9e8,f684d582-76d7-5411-83d0-39af174901c3,T/SSF to T1,239.543,239.756,0.21299999999999386
38,2023,6,Felix Rosenqvist,0.848,0.7199597912553156,9c85ad9a-de5a-5a03-9262-9ef6823db9e8,f684d582-76d7-5411-83d0-39af174901c3,T1 to SS1,235.22325,235.75375,0.5304999999999893
38,2023,6,Felix Rosenqvist,0.848,0.7199597912553156,9c85ad9a-de5a-5a03-9262-9ef6823db9e8,f684d582-76d7-5411-83d0-39af174901c3,T2 to BS,231.93425,233.33675,1.4025000000000034
38,2023,6,Felix Rosenqvist,0.848,0.7199597912553156,9c85ad9a-de5a-5a03-9262-9ef6823db9e8,f684d582-76d7-5411-83d0-39af174901c3,T3 to SS2,230.50925,231.4645,0.9552499999999782
38,2023,6,Felix Rosenqvist,0.848,0.7199597912553156,9c85ad9a-de5a-5a03-9262-9ef6823db9e8,f684d582-76d7-5411-83d0-39af174901c3,T4 to FS,232.955,233.64974999999998,0.6947499999999707
