anchor_text,url,domain,file_type,relevance_score,matched_keywords
FirestoneTemps.xlsx,https://ptscin.com/wp-content/uploads/2025/06/FirestoneTemperatures.xlsx,ptscin.com,XLSX,3,firestone; temperature; temp
Indy NXT by Firestone,https://ptscin.com/indynxt/,ptscin.com,PAGE_OR_OTHER,2,firestone; indy
2014 Indy GP Qualifying,https://ptscin.com/wp-content/uploads/2025/06/2014-Indy-GP-Quals.png,ptscin.com,PAGE_OR_OTHER,1,indy
2014 Indy GP Race,https://ptscin.com/wp-content/uploads/2025/06/2014-GP-of-Indy.png,ptscin.com,PAGE_OR_OTHER,1,indy
2015 Indy GP Race,https://ptscin.com/wp-content/uploads/2025/06/GP-of-Indy-Race.png,ptscin.com,PAGE_OR_OTHER,1,indy
2016 Indy GP Qualifying,https://ptscin.com/wp-content/uploads/2025/06/IndyGP16-Qualifying-Chart.bmp,ptscin.com,PAGE_OR_OTHER,1,indy
2016 Indy GP Race,https://ptscin.com/wp-content/uploads/2025/06/IndyGP16-Race-Chart.png,ptscin.com,PAGE_OR_OTHER,1,indy
2017 Indy GP Qualifying,https://ptscin.com/wp-content/uploads/2025/06/IndyGP2017Qual.png,ptscin.com,PAGE_OR_OTHER,1,indy
2017 Indy GP Race,https://ptscin.com/wp-content/uploads/2025/06/IndyGPRace2017.png,ptscin.com,PAGE_OR_OTHER,1,indy
2018 Indy GP Qualifying,https://ptscin.com/wp-content/uploads/2025/06/IndyGPQual2018.png,ptscin.com,PAGE_OR_OTHER,1,indy
2018 Indy GP Race,https://ptscin.com/wp-content/uploads/2025/06/IndyGPRace18.png,ptscin.com,PAGE_OR_OTHER,1,indy
2019 COTA Qualifying,https://ptscin.com/wp-content/uploads/2025/06/IndyCar-Classic-Qual.png,ptscin.com,PAGE_OR_OTHER,1,indy
2019 COTA Race,https://ptscin.com/wp-content/uploads/2025/06/INDYCAR-Classic-2019.png,ptscin.com,PAGE_OR_OTHER,1,indy
2019 Indy GP Qualifying,https://ptscin.com/wp-content/uploads/2025/06/IndyCar-GP-Qual-2019.png,ptscin.com,PAGE_OR_OTHER,1,indy
2019 Indy GP Race,https://ptscin.com/wp-content/uploads/2025/06/Indy-GP-Race-5-11-19.png,ptscin.com,PAGE_OR_OTHER,1,indy
2020 Indy GP 1 Qualifying,https://ptscin.com/wp-content/uploads/2025/06/GMR-Grand-Prix-Qual-Combined.png,ptscin.com,PAGE_OR_OTHER,1,indy
2020 Indy GP 1 Race,https://ptscin.com/wp-content/uploads/2025/06/GMR-Grand-Prix-Race-2020.png,ptscin.com,PAGE_OR_OTHER,1,indy
2020 Indy GP 2 Qualifying,https://ptscin.com/wp-content/uploads/2025/06/HarvestGP1Qual.png,ptscin.com,PAGE_OR_OTHER,1,indy
2020 Indy GP 2 Race,https://ptscin.com/wp-content/uploads/2025/06/HarvestGP1Race.png,ptscin.com,PAGE_OR_OTHER,1,indy
2020 Indy GP 3 Qualifying,https://ptscin.com/wp-content/uploads/2025/06/HarvestGPQual2.png,ptscin.com,PAGE_OR_OTHER,1,indy
2020 Indy GP 3 Race,https://ptscin.com/wp-content/uploads/2025/06/HarvestGPRace2.png,ptscin.com,PAGE_OR_OTHER,1,indy
2020 St. Pete Qualifying,https://ptscin.com/wp-content/uploads/2025/06/Firestone-Grand-Prix-of-St-Petersburg_Qualifications.png,ptscin.com,PAGE_OR_OTHER,1,firestone
2020 St. Pete Race,https://ptscin.com/wp-content/uploads/2025/06/Firestone-Grand-Prix-of-St.-Pete-Race.png,ptscin.com,PAGE_OR_OTHER,1,firestone
2021 Barber Qualifying,https://ptscin.com/wp-content/uploads/2025/06/Honda-Indy-GP-2021-Qual.png,ptscin.com,PAGE_OR_OTHER,1,indy
2021 Barber Race,https://ptscin.com/wp-content/uploads/2025/06/Honda-Indy-Grand-Prix-Race-2021.png,ptscin.com,PAGE_OR_OTHER,1,indy
2021 Indy GP 1 Qualifying,https://ptscin.com/wp-content/uploads/2025/06/2021-Indy-RC1-Quals.webp,ptscin.com,PAGE_OR_OTHER,1,indy
2021 Indy GP 1 Race,https://ptscin.com/wp-content/uploads/2025/06/2021-Indy-RC1-Race.png,ptscin.com,PAGE_OR_OTHER,1,indy
2021 Indy GP 2 Qualifying,https://ptscin.com/wp-content/uploads/2025/06/Indy-RC2-Quals.png,ptscin.com,PAGE_OR_OTHER,1,indy
2021 Indy GP 2 Race,https://ptscin.com/wp-content/uploads/2025/06/IndyRC2Race.png,ptscin.com,PAGE_OR_OTHER,1,indy
2022 Indy GP 1 Qualifying,https://ptscin.com/wp-content/uploads/2025/06/GMRGP2022Qual.png,ptscin.com,PAGE_OR_OTHER,1,indy
2022 Indy GP 1 Race,https://ptscin.com/wp-content/uploads/2025/06/GMRGP2022Race.png,ptscin.com,PAGE_OR_OTHER,1,indy
2022 Indy GP 2 Qualifying,https://ptscin.com/wp-content/uploads/2025/06/2022-Indy-RC-2-Quals.png,ptscin.com,PAGE_OR_OTHER,1,indy
2022 Indy GP 2 Race,https://ptscin.com/wp-content/uploads/2025/06/2022-Indy-RC-2-Race.png,ptscin.com,PAGE_OR_OTHER,1,indy
2023 Indy GP 1 Qualifying,https://ptscin.com/wp-content/uploads/2025/06/2023-Indy-RC1-Quals.png,ptscin.com,PAGE_OR_OTHER,1,indy
2023 Indy GP 1 Race,https://ptscin.com/wp-content/uploads/2025/06/2023-Indy-RC1-Race.png,ptscin.com,PAGE_OR_OTHER,1,indy
2023 Indy GP 2 Qualifying,https://ptscin.com/wp-content/uploads/2025/06/2023-Indy-RC2-Quals.png,ptscin.com,PAGE_OR_OTHER,1,indy
2023 Indy GP 2 Race,https://ptscin.com/wp-content/uploads/2025/06/2023-Indy-RC2-Race.png,ptscin.com,PAGE_OR_OTHER,1,indy
2024 Indy GP Qualifying,https://ptscin.com/wp-content/uploads/2025/06/2024-Indy-GP-Quals.png,ptscin.com,PAGE_OR_OTHER,1,indy
2024 Indy GP Race,https://ptscin.com/wp-content/uploads/2025/06/2024-Indy-GP-Race.png,ptscin.com,PAGE_OR_OTHER,1,indy
2025 Indy GP Qualifying,https://ptscin.com/wp-content/uploads/2025/06/2025-Indy-GP-Quals.png,ptscin.com,PAGE_OR_OTHER,1,indy
2025 Indy GP Race,https://ptscin.com/wp-content/uploads/2025/06/2025-Indy-GP-Race.png,ptscin.com,PAGE_OR_OTHER,1,indy
2026 Indy GP Qualifying,https://ptscin.com/wp-content/uploads/2026/05/2026-Indy-GP-Quals-1.png,ptscin.com,PAGE_OR_OTHER,1,indy
2026 Indy GP Race,https://ptscin.com/wp-content/uploads/2026/05/2026-Indy-GP-Race-1.png,ptscin.com,PAGE_OR_OTHER,1,indy
livetiming.net/firestone,http://livetiming.net/firestone,livetiming.net,PAGE_OR_OTHER,1,firestone
,https://ptscin.com,ptscin.com,PAGE_OR_OTHER,0,
2014 Barber Qualifying,https://ptscin.com/wp-content/uploads/2025/06/2014-Barber-Quals.png,ptscin.com,PAGE_OR_OTHER,0,
2014 Barber Race,https://ptscin.com/wp-content/uploads/2025/06/2014-Barber-Race.png,ptscin.com,PAGE_OR_OTHER,0,
2014 Detroit Group 1 Qualifying 2,https://ptscin.com/wp-content/uploads/2025/06/Detroit-Qual2-Grp1.png,ptscin.com,PAGE_OR_OTHER,0,
2014 Detroit Group 2 Qualifying 2,https://ptscin.com/wp-content/uploads/2025/06/Detroit-Qual2-Grp2.png,ptscin.com,PAGE_OR_OTHER,0,
2014 Detroit Qualifying 1,https://ptscin.com/wp-content/uploads/2025/06/Detroit-Qual1.bmp,ptscin.com,PAGE_OR_OTHER,0,
2014 Detroit Race 1,https://ptscin.com/wp-content/uploads/2025/06/2014-Chevy-Dual-in-Detroit-Race-1-Chart.png,ptscin.com,PAGE_OR_OTHER,0,
2014 Detroit Race 2,https://ptscin.com/wp-content/uploads/2025/06/2014-Chevy-Dual-in-Detroit-Race-2-Chart.png,ptscin.com,PAGE_OR_OTHER,0,
2014 Houston Group 1 Qualifying 2,https://ptscin.com/wp-content/uploads/2025/06/GP-HOUSTON-RACE-2-Qualifying-Chart-Grp1.png,ptscin.com,PAGE_OR_OTHER,0,
2014 Houston Group 2 Qualifying 2,https://ptscin.com/wp-content/uploads/2025/06/GP-HOUSTON-RACE-2-Qualifying-Chart-Grp2.png,ptscin.com,PAGE_OR_OTHER,0,
2014 Houston Qualifying 1,https://ptscin.com/wp-content/uploads/2025/06/GP-HOUSTON-RACE-1-Qualifying-Chart.png,ptscin.com,PAGE_OR_OTHER,0,
2014 Houston Race 1,https://ptscin.com/wp-content/uploads/2025/06/GP-HOUSTON-RACE-1-Tire-Chart.png,ptscin.com,PAGE_OR_OTHER,0,
2014 Houston Race 2,https://ptscin.com/wp-content/uploads/2025/06/GP-HOUSTON-RACE-2-Tire-Chart.png,ptscin.com,PAGE_OR_OTHER,0,
2014 Long Beach Qualifying,https://ptscin.com/wp-content/uploads/2025/06/Long-Beach-Quals-1.png,ptscin.com,PAGE_OR_OTHER,0,
2014 Long Beach Race,https://ptscin.com/wp-content/uploads/2025/06/Toyota-GP-of-Long-Beach-Race.png,ptscin.com,PAGE_OR_OTHER,0,
2014 Mid-Ohio Race,https://ptscin.com/wp-content/uploads/2025/06/Mid-Ohio-2014-Tire-Chart.png,ptscin.com,PAGE_OR_OTHER,0,
2014 Sonoma Qualifying,https://ptscin.com/wp-content/uploads/2025/06/Sonoma-Qualifying-1.png,ptscin.com,PAGE_OR_OTHER,0,
2014 Sonoma Race,https://ptscin.com/wp-content/uploads/2025/06/GoPro-Grand-Prix-of-Sonoma-Race-Tire-Chart.png,ptscin.com,PAGE_OR_OTHER,0,
2014 St. Pete Qualifying,https://ptscin.com/wp-content/uploads/2025/06/2014-St.-Pete-Quals.png,ptscin.com,PAGE_OR_OTHER,0,
2014 St. Pete Race,https://ptscin.com/wp-content/uploads/2025/06/2014-St.-Pete-Race.png,ptscin.com,PAGE_OR_OTHER,0,
2014 Toronto Race 1,https://ptscin.com/wp-content/uploads/2025/06/Toronto-2014-Race-1-Tire-Chart.png,ptscin.com,PAGE_OR_OTHER,0,
2014 Toronto Race 2,https://ptscin.com/wp-content/uploads/2025/06/Toronto-2014-Race-2-Tire-Chart.png,ptscin.com,PAGE_OR_OTHER,0,
2015 Barber Qualifying,https://ptscin.com/wp-content/uploads/2025/06/Barber-Qualifying.png,ptscin.com,PAGE_OR_OTHER,0,
2015 Barber Race,https://ptscin.com/wp-content/uploads/2025/06/Barber-Race.png,ptscin.com,PAGE_OR_OTHER,0,
2015 Detroit Race 1,https://ptscin.com/wp-content/uploads/2025/06/Detroit-Race-1.png,ptscin.com,PAGE_OR_OTHER,0,
2015 Detroit Race 2,https://ptscin.com/wp-content/uploads/2025/06/Detroit-Race-2.png,ptscin.com,PAGE_OR_OTHER,0,
2015 Long Beach Qualifying,https://ptscin.com/wp-content/uploads/2025/06/Long-Beach-Qualifying.png,ptscin.com,PAGE_OR_OTHER,0,
2015 Long Beach Race,https://ptscin.com/wp-content/uploads/2025/06/Long-Beach-Race-1.png,ptscin.com,PAGE_OR_OTHER,0,
2015 Mid-Ohio Qualifying,https://ptscin.com/wp-content/uploads/2025/06/Mid-Ohio-Qualifying.bmp,ptscin.com,PAGE_OR_OTHER,0,
2015 Mid-Ohio Race,https://ptscin.com/wp-content/uploads/2025/06/Mid-Ohio-Race-2015-Tire-Chart.png,ptscin.com,PAGE_OR_OTHER,0,
2015 NOLA Race,https://ptscin.com/wp-content/uploads/2025/06/NOLA-Race.png,ptscin.com,PAGE_OR_OTHER,0,
2015 Sonoma Qualifying,https://ptscin.com/wp-content/uploads/2025/06/Sonoma-Qualifying.png,ptscin.com,PAGE_OR_OTHER,0,
2015 Sonoma Race,https://ptscin.com/wp-content/uploads/2025/06/Sonoma-Race.png,ptscin.com,PAGE_OR_OTHER,0,
2015 St. Pete Qualifying,https://ptscin.com/wp-content/uploads/2025/06/St-Pete-Qualifying.png,ptscin.com,PAGE_OR_OTHER,0,
2015 St. Pete Race,https://ptscin.com/wp-content/uploads/2025/06/St-Pete-Race.png,ptscin.com,PAGE_OR_OTHER,0,
2015 Toronto Qualifying,https://ptscin.com/wp-content/uploads/2025/06/Toronto-Qualifying.png,ptscin.com,PAGE_OR_OTHER,0,
2015 Toronto Race,https://ptscin.com/wp-content/uploads/2025/06/Toronto-Race.png,ptscin.com,PAGE_OR_OTHER,0,
2016 Barber Qualifying,https://ptscin.com/wp-content/uploads/2025/06/Barber-16-Qual-Chart.png,ptscin.com,PAGE_OR_OTHER,0,
2016 Barber Race,https://ptscin.com/wp-content/uploads/2025/06/Barber-16-Race-Chart.png,ptscin.com,PAGE_OR_OTHER,0,
2016 Detroit Qualifying 1,https://ptscin.com/wp-content/uploads/2025/06/Detroit16Race1Qual.png,ptscin.com,PAGE_OR_OTHER,0,
2016 Detroit Qualifying 2,https://ptscin.com/wp-content/uploads/2025/06/DetroitRace2Qual.png,ptscin.com,PAGE_OR_OTHER,0,
2016 Detroit Race 1,https://ptscin.com/wp-content/uploads/2025/06/DetroitRace1.png,ptscin.com,PAGE_OR_OTHER,0,
2016 Detroit Race 2,https://ptscin.com/wp-content/uploads/2025/06/Detroit16Race2.png,ptscin.com,PAGE_OR_OTHER,0,
2016 Long Beach Qualifying,https://ptscin.com/wp-content/uploads/2025/06/TGPLB16-Qual-Chart.png,ptscin.com,PAGE_OR_OTHER,0,
2016 Long Beach Race,https://ptscin.com/wp-content/uploads/2025/06/TGPLB16-Tire-Chart.png,ptscin.com,PAGE_OR_OTHER,0,
2016 Mid-Ohio Qualifying,https://ptscin.com/wp-content/uploads/2025/06/MidOhioQual16.png,ptscin.com,PAGE_OR_OTHER,0,
2016 Mid-Ohio Race,https://ptscin.com/wp-content/uploads/2025/06/MidOhioRace16.png,ptscin.com,PAGE_OR_OTHER,0,
2016 Road America Qualifying,https://ptscin.com/wp-content/uploads/2025/06/RoadAmerica16Qual.png,ptscin.com,PAGE_OR_OTHER,0,
2016 Road America Race,https://ptscin.com/wp-content/uploads/2025/06/RoadAmericaRace.png,ptscin.com,PAGE_OR_OTHER,0,
2016 Sonoma Qualifying,https://ptscin.com/wp-content/uploads/2025/06/SonomaQual2016.png,ptscin.com,PAGE_OR_OTHER,0,
2016 Sonoma Race,https://ptscin.com/wp-content/uploads/2025/06/SonomaRace2016.png,ptscin.com,PAGE_OR_OTHER,0,
2016 St. Pete Race,https://ptscin.com/wp-content/uploads/2025/06/St.-Pete-Race-2016.png,ptscin.com,PAGE_OR_OTHER,0,
2016 Toronto Qualifying,https://ptscin.com/wp-content/uploads/2025/06/Toronto_Qualifying.png,ptscin.com,PAGE_OR_OTHER,0,
2016 Toronto Race,https://ptscin.com/wp-content/uploads/2025/06/Toronto16-Race.png,ptscin.com,PAGE_OR_OTHER,0,
2016 Watkins Glen Qualifying,https://ptscin.com/wp-content/uploads/2025/06/WatkinsGlenQual16.png,ptscin.com,PAGE_OR_OTHER,0,
2016 Watkins Glen Race,https://ptscin.com/wp-content/uploads/2025/06/WatkinsGlenRace16.png,ptscin.com,PAGE_OR_OTHER,0,
2017 Barber Qualifying,https://ptscin.com/wp-content/uploads/2025/06/BarberQual2017.png,ptscin.com,PAGE_OR_OTHER,0,
2017 Barber Race,https://ptscin.com/wp-content/uploads/2025/06/BarberRace2017.png,ptscin.com,PAGE_OR_OTHER,0,
2017 Detroit Qualifying 1,https://ptscin.com/wp-content/uploads/2025/06/Detroit17Race1Qual.png,ptscin.com,PAGE_OR_OTHER,0,
2017 Detroit Qualifying 2,https://ptscin.com/wp-content/uploads/2025/06/Detroit2017Qual2.png,ptscin.com,PAGE_OR_OTHER,0,
2017 Detroit Race 1,https://ptscin.com/wp-content/uploads/2025/06/Detroit17Race1.png,ptscin.com,PAGE_OR_OTHER,0,
2017 Detroit Race 2,https://ptscin.com/wp-content/uploads/2025/06/Detroit2017Race2.png,ptscin.com,PAGE_OR_OTHER,0,
2017 Long Beach Qualifying,https://ptscin.com/wp-content/uploads/2025/06/LongBeach2017Qual.png,ptscin.com,PAGE_OR_OTHER,0,
2017 Long Beach Race,https://ptscin.com/wp-content/uploads/2025/06/LongBeachRace2017.png,ptscin.com,PAGE_OR_OTHER,0,
2017 Mid-Ohio Qualifying,https://ptscin.com/wp-content/uploads/2025/06/MidOhioQual2017.png,ptscin.com,PAGE_OR_OTHER,0,
2017 Mid-Ohio Race,https://ptscin.com/wp-content/uploads/2025/06/MidOhioRace17.png,ptscin.com,PAGE_OR_OTHER,0,
2017 Road America Qualifying,https://ptscin.com/wp-content/uploads/2025/06/RoadAmericaQual2017.png,ptscin.com,PAGE_OR_OTHER,0,
2017 Road America Race,https://ptscin.com/wp-content/uploads/2025/06/RoadAmericaRace2017.png,ptscin.com,PAGE_OR_OTHER,0,
2017 Sonoma Qualifying,https://ptscin.com/wp-content/uploads/2025/06/SonomaQual2017.png,ptscin.com,PAGE_OR_OTHER,0,
2017 Sonoma Race,https://ptscin.com/wp-content/uploads/2025/06/SonomaRace2017.png,ptscin.com,PAGE_OR_OTHER,0,
2017 St. Pete Qualifying,https://ptscin.com/wp-content/uploads/2025/06/St.PeteQual2017.png,ptscin.com,PAGE_OR_OTHER,0,
2017 St. Pete Race,https://ptscin.com/wp-content/uploads/2025/06/St.PeteRace2017.png,ptscin.com,PAGE_OR_OTHER,0,
2017 Toronto Qualifying,https://ptscin.com/wp-content/uploads/2025/06/TorontoQual17.png,ptscin.com,PAGE_OR_OTHER,0,
2017 Toronto Race,https://ptscin.com/wp-content/uploads/2025/06/TorontoRace2017.png,ptscin.com,PAGE_OR_OTHER,0,
2017 Watkins Glen Qualifying,https://ptscin.com/wp-content/uploads/2025/06/WatkinsGlenQual17.png,ptscin.com,PAGE_OR_OTHER,0,
2017 Watkins Glen Race,https://ptscin.com/wp-content/uploads/2025/06/WatkinsGlenRace17.png,ptscin.com,PAGE_OR_OTHER,0,
2018 Barber Qualifying,https://ptscin.com/wp-content/uploads/2025/06/BarberQual18.png,ptscin.com,PAGE_OR_OTHER,0,
2018 Barber Race pt1,https://ptscin.com/wp-content/uploads/2025/06/BarberRace18_4_22.png,ptscin.com,PAGE_OR_OTHER,0,
2018 Barber Race pt2,https://ptscin.com/wp-content/uploads/2025/06/BarberRace2018_4_23.png,ptscin.com,PAGE_OR_OTHER,0,
2018 Detroit Qualifying 1,https://ptscin.com/wp-content/uploads/2025/06/DetroitRace1Qual2018.png,ptscin.com,PAGE_OR_OTHER,0,
2018 Detroit Race 1,https://ptscin.com/wp-content/uploads/2025/06/DetroitRace12018.png,ptscin.com,PAGE_OR_OTHER,0,
2018 Detroit Race 2,https://ptscin.com/wp-content/uploads/2025/06/DetroitRace22018.png,ptscin.com,PAGE_OR_OTHER,0,
2018 Long Beach Qualifying,https://ptscin.com/wp-content/uploads/2025/06/LongBeachQual18.png,ptscin.com,PAGE_OR_OTHER,0,
2018 Long Beach Race,https://ptscin.com/wp-content/uploads/2025/06/LongBeachRace2018.png,ptscin.com,PAGE_OR_OTHER,0,
2018 Mid-Ohio Qualifying,https://ptscin.com/wp-content/uploads/2025/06/MidOhioQual2018.png,ptscin.com,PAGE_OR_OTHER,0,
2018 Mid-Ohio Race,https://ptscin.com/wp-content/uploads/2025/06/MidOhioRace2018.png,ptscin.com,PAGE_OR_OTHER,0,
2018 Portland Qualifying,https://ptscin.com/wp-content/uploads/2025/06/PortlandQual2018.png,ptscin.com,PAGE_OR_OTHER,0,
2018 Portland Race,https://ptscin.com/wp-content/uploads/2025/06/PortlandRace2018.png,ptscin.com,PAGE_OR_OTHER,0,
2018 Road America Qualifying,https://ptscin.com/wp-content/uploads/2025/06/RoadAmericaQual2018.png,ptscin.com,PAGE_OR_OTHER,0,
2018 Road America Race,https://ptscin.com/wp-content/uploads/2025/06/RoadAmericaRace2018.png,ptscin.com,PAGE_OR_OTHER,0,
2018 Sonoma Qualifying,https://ptscin.com/wp-content/uploads/2025/06/SonomaQual2018.png,ptscin.com,PAGE_OR_OTHER,0,
2018 Sonoma Race,https://ptscin.com/wp-content/uploads/2025/06/SonomaRace2018.png,ptscin.com,PAGE_OR_OTHER,0,
2018 St. Pete Qualifying,https://ptscin.com/wp-content/uploads/2025/06/St.PeteQual2018.png,ptscin.com,PAGE_OR_OTHER,0,
2018 St. Pete Race,https://ptscin.com/wp-content/uploads/2025/06/St.PeteRace2018.png,ptscin.com,PAGE_OR_OTHER,0,
2018 Toronto Qualifying,https://ptscin.com/wp-content/uploads/2025/06/TorontoQual18.png,ptscin.com,PAGE_OR_OTHER,0,
2018 Toronto Race,https://ptscin.com/wp-content/uploads/2025/06/TorontoRace18.png,ptscin.com,PAGE_OR_OTHER,0,
2019 Barber Qualifying,https://ptscin.com/wp-content/uploads/2025/06/HIGPA-QUAL.png,ptscin.com,PAGE_OR_OTHER,0,
2019 Barber Race,https://ptscin.com/wp-content/uploads/2025/06/HIGPA-RACE.png,ptscin.com,PAGE_OR_OTHER,0,
2019 Detroit Qualifying 1,https://ptscin.com/wp-content/uploads/2025/06/Detroit1-Qual.png,ptscin.com,PAGE_OR_OTHER,0,
2019 Detroit Qualifying 2,https://ptscin.com/wp-content/uploads/2025/06/Detroit2-Qual.png,ptscin.com,PAGE_OR_OTHER,0,
2019 Detroit Race 1,https://ptscin.com/wp-content/uploads/2025/06/Detroit-1-Race.png,ptscin.com,PAGE_OR_OTHER,0,
2019 Detroit Race 2,https://ptscin.com/wp-content/uploads/2025/06/Detroit2-Race.png,ptscin.com,PAGE_OR_OTHER,0,
2019 Laguna Seca Qualifying,https://ptscin.com/wp-content/uploads/2025/06/Laguna-Seca-Quals.png,ptscin.com,PAGE_OR_OTHER,0,
2019 Laguna Seca Race,https://ptscin.com/wp-content/uploads/2025/06/Laguna-Seca-Race.png,ptscin.com,PAGE_OR_OTHER,0,
2019 Long Beach Fast 6,https://ptscin.com/wp-content/uploads/2025/06/AGPLB-Qual-Fast-6.png,ptscin.com,PAGE_OR_OTHER,0,
2019 Long Beach Race,https://ptscin.com/wp-content/uploads/2025/06/AGPLB-Race.png,ptscin.com,PAGE_OR_OTHER,0,
2019 Long Beach Session 1 Qualifying,https://ptscin.com/wp-content/uploads/2025/06/AGPLB-Qual1-1.png,ptscin.com,PAGE_OR_OTHER,0,
2019 Long Beach Top 12,https://ptscin.com/wp-content/uploads/2025/06/AGPLB-Qual-Top-12.png,ptscin.com,PAGE_OR_OTHER,0,
2019 Mid-Ohio Fast 6,https://ptscin.com/wp-content/uploads/2025/06/Fast-6.png,ptscin.com,PAGE_OR_OTHER,0,
2019 Mid-Ohio Race,https://ptscin.com/wp-content/uploads/2025/06/Mid-Ohio-Race-2019.png,ptscin.com,PAGE_OR_OTHER,0,
2019 Mid-Ohio Session 1 Qualifying,https://ptscin.com/wp-content/uploads/2025/06/Session-1.png,ptscin.com,PAGE_OR_OTHER,0,
2019 Mid-Ohio Top 12,https://ptscin.com/wp-content/uploads/2025/06/Top-12.png,ptscin.com,PAGE_OR_OTHER,0,
2019 Portland Qualifying,https://ptscin.com/wp-content/uploads/2025/06/PortlandQual2019.png,ptscin.com,PAGE_OR_OTHER,0,
2019 Portland Race,https://ptscin.com/wp-content/uploads/2025/06/PortlandRace2019.png,ptscin.com,PAGE_OR_OTHER,0,
2019 Road America Qualifying,https://ptscin.com/wp-content/uploads/2025/06/RoadAmerica-Qual2019.png,ptscin.com,PAGE_OR_OTHER,0,
2019 Road America Race,https://ptscin.com/wp-content/uploads/2025/06/RoadAmerica2019.png,ptscin.com,PAGE_OR_OTHER,0,
2019 St. Pete Qualifying,https://ptscin.com/wp-content/uploads/2025/06/StPete19_Qual.png,ptscin.com,PAGE_OR_OTHER,0,
2019 St. Pete Race,https://ptscin.com/wp-content/uploads/2025/06/StPete19_Race.png,ptscin.com,PAGE_OR_OTHER,0,
2019 Toronto Qualifying,https://ptscin.com/wp-content/uploads/2025/06/Toronto19-Qual.png,ptscin.com,PAGE_OR_OTHER,0,
2019 Toronto Race,https://ptscin.com/wp-content/uploads/2025/06/Toronto19-Race.png,ptscin.com,PAGE_OR_OTHER,0,
2020 Mid-Ohio Qualifying 1,https://ptscin.com/wp-content/uploads/2025/06/MID-OHIO-qual-race-1.png,ptscin.com,PAGE_OR_OTHER,0,
2020 Mid-Ohio Qualifying 2,https://ptscin.com/wp-content/uploads/2025/06/MID-OHIO-2020-QUAL-RACE-2.png,ptscin.com,PAGE_OR_OTHER,0,
2020 Mid-Ohio Race 1,https://ptscin.com/wp-content/uploads/2025/06/MID-OHIO-2020-RACE-1.png,ptscin.com,PAGE_OR_OTHER,0,
2020 Mid-Ohio Race 2,https://ptscin.com/wp-content/uploads/2025/06/MID-OHIO-RACE-2.png,ptscin.com,PAGE_OR_OTHER,0,
2020 Road America Qualifying 1,https://ptscin.com/wp-content/uploads/2025/06/REV-Grand-Prix_Qual-1.png,ptscin.com,PAGE_OR_OTHER,0,
2020 Road America Qualifying 2,https://ptscin.com/wp-content/uploads/2025/06/REV-Group-Race-2-Qual.png,ptscin.com,PAGE_OR_OTHER,0,
2020 Road America Race 1,https://ptscin.com/wp-content/uploads/2025/06/REV-Grand-Prix_Race-1.png,ptscin.com,PAGE_OR_OTHER,0,
2020 Road America Race 2,https://ptscin.com/wp-content/uploads/2025/06/Rev-Group-Grand-Prix-Race-2.png,ptscin.com,PAGE_OR_OTHER,0,
2020 Texas Race,https://ptscin.com/wp-content/uploads/2025/06/Genesys-300_Race.png,ptscin.com,PAGE_OR_OTHER,0,
2021 Detroit Qualifying 1,https://ptscin.com/wp-content/uploads/2025/06/Detroit-Qual-1.png,ptscin.com,PAGE_OR_OTHER,0,
2021 Detroit Qualifying 2,https://ptscin.com/wp-content/uploads/2025/06/Detroit-Qual-2.png,ptscin.com,PAGE_OR_OTHER,0,
2021 Detroit Race 1,https://ptscin.com/wp-content/uploads/2025/06/Detroit-2021-Race-1.png,ptscin.com,PAGE_OR_OTHER,0,
2021 Detroit Race 2,https://ptscin.com/wp-content/uploads/2025/06/Detroit-2021-Race-2.png,ptscin.com,PAGE_OR_OTHER,0,
2021 Laguna Seca Qualifying,https://ptscin.com/wp-content/uploads/2025/06/Laguna-Quals.png,ptscin.com,PAGE_OR_OTHER,0,
2021 Laguna Seca Race,https://ptscin.com/wp-content/uploads/2025/06/Laguna-Race.png,ptscin.com,PAGE_OR_OTHER,0,
2021 Long Beach Qualifying,https://ptscin.com/wp-content/uploads/2025/06/Long-Beach-Quals.png,ptscin.com,PAGE_OR_OTHER,0,
2021 Long Beach Race,https://ptscin.com/wp-content/uploads/2025/06/Long-Beach-Race.png,ptscin.com,PAGE_OR_OTHER,0,
2021 Mid-Ohio Qualifying,https://ptscin.com/wp-content/uploads/2025/06/2021-MidOhio-Qual.png,ptscin.com,PAGE_OR_OTHER,0,
2021 Mid-Ohio Race,https://ptscin.com/wp-content/uploads/2025/06/2021-MidOhio-Race.png,ptscin.com,PAGE_OR_OTHER,0,
2021 Nashville Qualifying,https://ptscin.com/wp-content/uploads/2025/06/Nashville-Quals.png,ptscin.com,PAGE_OR_OTHER,0,
2021 Nashville Race,https://ptscin.com/wp-content/uploads/2025/06/Nashville-Race.png,ptscin.com,PAGE_OR_OTHER,0,
2021 Portland Qualifying,https://ptscin.com/wp-content/uploads/2025/06/Portland-GP-Quals.png,ptscin.com,PAGE_OR_OTHER,0,
2021 Portland Race,https://ptscin.com/wp-content/uploads/2025/06/Portland-GP-Race.png,ptscin.com,PAGE_OR_OTHER,0,
2021 Road America Qualifying,https://ptscin.com/wp-content/uploads/2025/06/Road-America-Qual.png,ptscin.com,PAGE_OR_OTHER,0,
2021 Road America Race,https://ptscin.com/wp-content/uploads/2025/06/Road-America-Race.png,ptscin.com,PAGE_OR_OTHER,0,
2021 St. Pete Qualifying,https://ptscin.com/wp-content/uploads/2025/06/2021-FGPSP-Qualifying.png,ptscin.com,PAGE_OR_OTHER,0,
2021 St. Pete Race,https://ptscin.com/wp-content/uploads/2025/06/2021-FGPSP-Race.png,ptscin.com,PAGE_OR_OTHER,0,
2022 Barber Qualifying,https://ptscin.com/wp-content/uploads/2025/06/Barber-2022-Quals.png,ptscin.com,PAGE_OR_OTHER,0,
2022 Barber Race,https://ptscin.com/wp-content/uploads/2025/06/Barber-2022-Race.png,ptscin.com,PAGE_OR_OTHER,0,
2022 Detroit Qualifying,https://ptscin.com/wp-content/uploads/2025/06/Detroit-GP-2022-Quals.png,ptscin.com,PAGE_OR_OTHER,0,
2022 Detroit Race,https://ptscin.com/wp-content/uploads/2025/06/Detroit-GP-2022-Race.png,ptscin.com,PAGE_OR_OTHER,0,
2022 Laguna Seca Qualifying,https://ptscin.com/wp-content/uploads/2025/06/Laguna-2022-Quals.png,ptscin.com,PAGE_OR_OTHER,0,
2022 Laguna Seca Race,https://ptscin.com/wp-content/uploads/2025/06/Laguna-2022-Race.png,ptscin.com,PAGE_OR_OTHER,0,
2022 Long Beach Qualifying,https://ptscin.com/wp-content/uploads/2025/06/LBGP-2022-Qualifications.png,ptscin.com,PAGE_OR_OTHER,0,
2022 Long Beach Race,https://ptscin.com/wp-content/uploads/2025/06/LBGP-2022-Race.png,ptscin.com,PAGE_OR_OTHER,0,
2022 Mid-Ohio Qualifying,https://ptscin.com/wp-content/uploads/2025/06/2022-Mid-Ohio-Quals.png,ptscin.com,PAGE_OR_OTHER,0,
2022 Mid-Ohio Race,https://ptscin.com/wp-content/uploads/2025/06/Mid-Ohio-Race-2022.png,ptscin.com,PAGE_OR_OTHER,0,
2022 Nashville Qualifying,https://ptscin.com/wp-content/uploads/2025/06/2022-Nashville-Quals.png,ptscin.com,PAGE_OR_OTHER,0,
2022 Nashville Race,https://ptscin.com/wp-content/uploads/2025/06/2022-Nashville-Race.png,ptscin.com,PAGE_OR_OTHER,0,
2022 Portland Qualifying,https://ptscin.com/wp-content/uploads/2025/06/Portland-Quals.png,ptscin.com,PAGE_OR_OTHER,0,
2022 Portland Race,https://ptscin.com/wp-content/uploads/2025/06/Portland-Race-2022.png,ptscin.com,PAGE_OR_OTHER,0,
2022 Road America Qualifying,https://ptscin.com/wp-content/uploads/2025/06/Road-America-2022-Quals.png,ptscin.com,PAGE_OR_OTHER,0,
2022 Road America Race,https://ptscin.com/wp-content/uploads/2025/06/Road-America-2022-Race.png,ptscin.com,PAGE_OR_OTHER,0,
2022 St. Pete Qualifying,https://ptscin.com/wp-content/uploads/2025/06/St-Pete-2022-Quals.png,ptscin.com,PAGE_OR_OTHER,0,
2022 St. Pete Race,https://ptscin.com/wp-content/uploads/2025/06/St-Pete-2022-Race.png,ptscin.com,PAGE_OR_OTHER,0,
2022 Toronto Qualifying,https://ptscin.com/wp-content/uploads/2025/06/2022-Toronto-Quals.png,ptscin.com,PAGE_OR_OTHER,0,
2022 Toronto Race,https://ptscin.com/wp-content/uploads/2025/06/2022-Toronto-Race.png,ptscin.com,PAGE_OR_OTHER,0,
2023 Barber Qualifying,https://ptscin.com/wp-content/uploads/2025/06/2023-Barber-Quals.png,ptscin.com,PAGE_OR_OTHER,0,
2023 Barber Race,https://ptscin.com/wp-content/uploads/2025/06/2023-Barber-Race.png,ptscin.com,PAGE_OR_OTHER,0,
2023 Detroit Qualifying,https://ptscin.com/wp-content/uploads/2025/06/Detroit-GP-2023-Quals.png,ptscin.com,PAGE_OR_OTHER,0,
2023 Detroit Race,https://ptscin.com/wp-content/uploads/2025/06/Detroit-GP-2023-Race.png,ptscin.com,PAGE_OR_OTHER,0,
2023 Gateway Race,https://ptscin.com/wp-content/uploads/2025/06/2023-Gateway-Race.png,ptscin.com,PAGE_OR_OTHER,0,
2023 Laguna Seca Qualifying,https://ptscin.com/wp-content/uploads/2025/06/2023-Laguna-Seca-Quals.png,ptscin.com,PAGE_OR_OTHER,0,
2023 Laguna Seca Race,https://ptscin.com/wp-content/uploads/2025/06/2023-Laguna-Seca-Race.png,ptscin.com,PAGE_OR_OTHER,0,
2023 Long Beach Qualifying,https://ptscin.com/wp-content/uploads/2025/06/2023-Long-Beach-Qual.png,ptscin.com,PAGE_OR_OTHER,0,
2023 Long Beach Race,https://ptscin.com/wp-content/uploads/2025/06/2023-Long-Beach-Race.png,ptscin.com,PAGE_OR_OTHER,0,
2023 Mid-Ohio Qualifying,https://ptscin.com/wp-content/uploads/2025/06/2023-Mid-Ohio-Quals.png,ptscin.com,PAGE_OR_OTHER,0,
2023 Mid-Ohio Race,https://ptscin.com/wp-content/uploads/2025/06/2023-Mid-Ohio-Race.png,ptscin.com,PAGE_OR_OTHER,0,
2023 Nashville Qualifying,https://ptscin.com/wp-content/uploads/2025/06/2023-Nashville-Quals.png,ptscin.com,PAGE_OR_OTHER,0,
2023 Nashville Race,https://ptscin.com/wp-content/uploads/2025/06/2023-Nashville-Race.png,ptscin.com,PAGE_OR_OTHER,0,
2023 Portland Qualifying,https://ptscin.com/wp-content/uploads/2025/06/2023-Portland-Quals.png,ptscin.com,PAGE_OR_OTHER,0,
2023 Portland Race,https://ptscin.com/wp-content/uploads/2025/06/2023-Portland-Race.png,ptscin.com,PAGE_OR_OTHER,0,
2023 Road America Qualifying,https://ptscin.com/wp-content/uploads/2025/06/2023-Road-America-Quals.png,ptscin.com,PAGE_OR_OTHER,0,
2023 Road America Race,https://ptscin.com/wp-content/uploads/2025/06/2023-Road-America-Race.png,ptscin.com,PAGE_OR_OTHER,0,
2023 St. Pete Qualifying,https://ptscin.com/wp-content/uploads/2025/06/2023-St.-Pete-Qual.png,ptscin.com,PAGE_OR_OTHER,0,
2023 St. Pete Race,https://ptscin.com/wp-content/uploads/2025/06/2023-St.-Pete-Race.png,ptscin.com,PAGE_OR_OTHER,0,
2023 Toronto Qualifying,https://ptscin.com/wp-content/uploads/2025/06/2023-Toronto-Quals.png,ptscin.com,PAGE_OR_OTHER,0,
2023 Toronto Race,https://ptscin.com/wp-content/uploads/2025/06/2023-Toronto-Race.png,ptscin.com,PAGE_OR_OTHER,0,
2024 Barber Qualifying,https://ptscin.com/wp-content/uploads/2025/06/2024-Barber-Quals.png,ptscin.com,PAGE_OR_OTHER,0,
2024 Barber Race,https://ptscin.com/wp-content/uploads/2025/06/2024-Barber-Race.png,ptscin.com,PAGE_OR_OTHER,0,
2024 Detroit Qualifying,https://ptscin.com/wp-content/uploads/2025/06/2024-Detroit-Quals.png,ptscin.com,PAGE_OR_OTHER,0,
2024 Detroit Race,https://ptscin.com/wp-content/uploads/2025/06/2024-Detroit-Race.png,ptscin.com,PAGE_OR_OTHER,0,
2024 Laguna Seca Qualifying,https://ptscin.com/wp-content/uploads/2025/06/2024-Laguna-Seca-Quals.png,ptscin.com,PAGE_OR_OTHER,0,
2024 Laguna Seca Race,https://ptscin.com/wp-content/uploads/2025/06/2024-Laguna-Seca-Race.png,ptscin.com,PAGE_OR_OTHER,0,
2024 Long Beach Qualifying,https://ptscin.com/wp-content/uploads/2025/06/2024-Long-Beach-Quals.png,ptscin.com,PAGE_OR_OTHER,0,
2024 Long Beach Race,https://ptscin.com/wp-content/uploads/2025/06/2024-Long-Beach-Race.png,ptscin.com,PAGE_OR_OTHER,0,
2024 Mid-Ohio Qualifying,https://ptscin.com/wp-content/uploads/2025/06/2024-Mid-Ohio-Quals.png,ptscin.com,PAGE_OR_OTHER,0,
2024 Mid-Ohio Race,https://ptscin.com/wp-content/uploads/2025/06/2024-Mid-Ohio-Race.png,ptscin.com,PAGE_OR_OTHER,0,
2024 Nashville Race,https://ptscin.com/wp-content/uploads/2025/06/2024-Nashville-Race.png,ptscin.com,PAGE_OR_OTHER,0,
2024 Portland Qualifying,https://ptscin.com/wp-content/uploads/2025/06/2024-Portland-Quals.png,ptscin.com,PAGE_OR_OTHER,0,
2024 Portland Race,https://ptscin.com/wp-content/uploads/2025/06/2024-Portland-Race.png,ptscin.com,PAGE_OR_OTHER,0,
2024 Road America Qualifying,https://ptscin.com/wp-content/uploads/2025/06/2024-Road-America-Quals.png,ptscin.com,PAGE_OR_OTHER,0,
2024 Road America Race,https://ptscin.com/wp-content/uploads/2025/06/2024-Road-America-Race.png,ptscin.com,PAGE_OR_OTHER,0,
2024 St. Pete Qualifying,https://ptscin.com/wp-content/uploads/2025/06/2024-St.-Pete-Quals.png,ptscin.com,PAGE_OR_OTHER,0,
2024 St. Pete Race,https://ptscin.com/wp-content/uploads/2025/06/2024-St.-Pete-Race.png,ptscin.com,PAGE_OR_OTHER,0,
2024 Toronto Qualifying,https://ptscin.com/wp-content/uploads/2025/06/2024-Toronto-Quals.png,ptscin.com,PAGE_OR_OTHER,0,
2024 Toronto Race,https://ptscin.com/wp-content/uploads/2025/06/2024-Toronto-Race.png,ptscin.com,PAGE_OR_OTHER,0,
2025 Barber Qualifying,https://ptscin.com/wp-content/uploads/2025/06/2025-Barber-Quals.png,ptscin.com,PAGE_OR_OTHER,0,
2025 Barber Race,https://ptscin.com/wp-content/uploads/2025/06/2025-Barber-Race.png,ptscin.com,PAGE_OR_OTHER,0,
2025 Detroit Qualifying,https://ptscin.com/wp-content/uploads/2025/06/2025-Detroit-Quals.png,ptscin.com,PAGE_OR_OTHER,0,
2025 Detroit Race,https://ptscin.com/wp-content/uploads/2025/06/2025-Detroit-Race.png,ptscin.com,PAGE_OR_OTHER,0,
2025 Laguna Seca Qualifying,https://ptscin.com/wp-content/uploads/2025/07/2025-Laguna-Seca-Quals.png,ptscin.com,PAGE_OR_OTHER,0,
2025 Laguna Seca Race,https://ptscin.com/wp-content/uploads/2025/07/2025-Laguna-Seca-Race.png,ptscin.com,PAGE_OR_OTHER,0,
2025 Long Beach Qualifying,https://ptscin.com/wp-content/uploads/2025/06/2025-Long-Beach-Quals.png,ptscin.com,PAGE_OR_OTHER,0,
2025 Long Beach Race,https://ptscin.com/wp-content/uploads/2025/06/2025-Long-Beach-Race.png,ptscin.com,PAGE_OR_OTHER,0,
2025 Mid-Ohio Qualifying,https://ptscin.com/wp-content/uploads/2025/07/2025-Mid-Ohio-Quals.png,ptscin.com,PAGE_OR_OTHER,0,
2025 Mid-Ohio Race,https://ptscin.com/wp-content/uploads/2025/07/2025-Mid-Ohio-Race.png,ptscin.com,PAGE_OR_OTHER,0,
2025 Nashville Race,https://ptscin.com/wp-content/uploads/2025/08/2025-Nashville-Race.png,ptscin.com,PAGE_OR_OTHER,0,
2025 Portland Qualifying,https://ptscin.com/wp-content/uploads/2025/08/2025-Portland-Quals.png,ptscin.com,PAGE_OR_OTHER,0,
2025 Portland Race,https://ptscin.com/wp-content/uploads/2025/08/2025-Portland-Race.png,ptscin.com,PAGE_OR_OTHER,0,
2025 Road America Qualifying,https://ptscin.com/wp-content/uploads/2025/06/2025-Road-America-Quals.png,ptscin.com,PAGE_OR_OTHER,0,
2025 Road America Race,https://ptscin.com/wp-content/uploads/2025/06/2025-Road-America-Race.png,ptscin.com,PAGE_OR_OTHER,0,
2025 St. Pete Qualifying,https://ptscin.com/wp-content/uploads/2025/06/2025-St.-Pete-Quals.png,ptscin.com,PAGE_OR_OTHER,0,
2025 St. Pete Race,https://ptscin.com/wp-content/uploads/2025/06/2025-St.-Pete-Race.png,ptscin.com,PAGE_OR_OTHER,0,
2025 Thermal Qualifying,https://ptscin.com/wp-content/uploads/2025/06/2025-Thermal-Quals.png,ptscin.com,PAGE_OR_OTHER,0,
2025 Thermal Race,https://ptscin.com/wp-content/uploads/2025/06/2025-Thermal-Race.png,ptscin.com,PAGE_OR_OTHER,0,
2025 Toronto Qualifying,https://ptscin.com/wp-content/uploads/2025/07/2025-Toronto-Quals-1.png,ptscin.com,PAGE_OR_OTHER,0,
2025 Toronto Race,https://ptscin.com/wp-content/uploads/2025/07/2025-Toronto-Race.png,ptscin.com,PAGE_OR_OTHER,0,
2026 Arlington Qualifying,https://ptscin.com/wp-content/uploads/2026/03/2026-Arlington-Quals.png,ptscin.com,PAGE_OR_OTHER,0,
2026 Arlington Race,https://ptscin.com/wp-content/uploads/2026/03/2026-Arlington-Race.png,ptscin.com,PAGE_OR_OTHER,0,
2026 Barber Qualifying,https://ptscin.com/wp-content/uploads/2026/03/2026-Barber-Quals.png,ptscin.com,PAGE_OR_OTHER,0,
2026 Barber Race,https://ptscin.com/wp-content/uploads/2026/03/2026-Barber-Race.png,ptscin.com,PAGE_OR_OTHER,0,
2026 Detroit Qualifying,https://ptscin.com/wp-content/uploads/2026/05/2026-Detroit-Quals.png,ptscin.com,PAGE_OR_OTHER,0,
2026 Detroit Race,https://ptscin.com/wp-content/uploads/2026/05/2026-Detroit-Race.png,ptscin.com,PAGE_OR_OTHER,0,
2026 Laguna Seca Qualifying,https://ptscin.com/wp-content/uploads/2026/09/2026-Laguna-Seca-Quals.png,ptscin.com,PAGE_OR_OTHER,0,
2026 Laguna Seca Race,https://ptscin.com/wp-content/uploads/2026/09/2026-Laguna-Seca-Race.png,ptscin.com,PAGE_OR_OTHER,0,
2026 Long Beach Qualifying,https://ptscin.com/wp-content/uploads/2026/04/2026-Long-Beach-Quals.png,ptscin.com,PAGE_OR_OTHER,0,
2026 Long Beach Race,https://ptscin.com/wp-content/uploads/2026/04/2026-Long-Beach-Race.png,ptscin.com,PAGE_OR_OTHER,0,
2026 Markham Qualifying,https://ptscin.com/wp-content/uploads/2026/08/2026-Markham-Quals.png,ptscin.com,PAGE_OR_OTHER,0,
2026 Markham Race,https://ptscin.com/wp-content/uploads/2026/08/2026-Markham-Race.png,ptscin.com,PAGE_OR_OTHER,0,
2026 Mid-Ohio Qualifying,https://ptscin.com/wp-content/uploads/2026/07/2026-Mid-Ohio-Quals.png,ptscin.com,PAGE_OR_OTHER,0,
2026 Mid-Ohio Race,https://ptscin.com/wp-content/uploads/2026/07/2026-Mid-Ohio-Race.png,ptscin.com,PAGE_OR_OTHER,0,
2026 Nashville Race,https://ptscin.com/wp-content/uploads/2026/08/2026-Nashville-Race.png,ptscin.com,PAGE_OR_OTHER,0,
2026 Portland Qualifying,https://ptscin.com/wp-content/uploads/2026/08/2026-Portland-Quals.png,ptscin.com,PAGE_OR_OTHER,0,
2026 Portland Race,https://ptscin.com/wp-content/uploads/2026/08/2026-Portland-Race.png,ptscin.com,PAGE_OR_OTHER,0,
2026 Road America Qualifying,https://ptscin.com/wp-content/uploads/2026/06/2026-Road-America-Qualifying.png,ptscin.com,PAGE_OR_OTHER,0,
2026 Road America Race,https://ptscin.com/wp-content/uploads/2026/06/2026-Road-America-Race.png,ptscin.com,PAGE_OR_OTHER,0,
2026 St. Pete Qualifying,https://ptscin.com/wp-content/uploads/2026/03/2026-St.-Pete-Quals.png,ptscin.com,PAGE_OR_OTHER,0,
2026 St. Pete Race,https://ptscin.com/wp-content/uploads/2026/03/2026-St.-Pete-Race-1.png,ptscin.com,PAGE_OR_OTHER,0,
2026 Washington DC Qualifying,https://ptscin.com/wp-content/uploads/2026/08/2026-Washington-DC-Quals.png,ptscin.com,PAGE_OR_OTHER,0,
2026 Washington DC Race,https://ptscin.com/wp-content/uploads/2026/08/2026-Washington-DC-Race.png,ptscin.com,PAGE_OR_OTHER,0,
About,https://ptscin.com/about/,ptscin.com,PAGE_OR_OTHER,0,
Contact,https://ptscin.com/contact/,ptscin.com,PAGE_OR_OTHER,0,
Files,https://ptscin.com/files/,ptscin.com,PAGE_OR_OTHER,0,
Motorcycle Tires,https://ptscin.com/motorcycle/,ptscin.com,PAGE_OR_OTHER,0,
Skip to content,https://ptscin.com/files/#content,ptscin.com,PAGE_OR_OTHER,0,
info@ptscin.com,mailto:info@ptscin.com,,PAGE_OR_OTHER,0,
