wait_minutes,target_time_utc,forecast_ambient_c,delta_ambient_c,expected_delta_track_c,track_uncertainty_sd_c,expected_physical_delta_speed_mph,median_total_delta_speed_mph,q10_delta_speed_mph,q90_delta_speed_mph,q05_delta_speed_mph,q95_delta_speed_mph,p_improve,expected_future_speed_mph,median_future_speed_mph
0.0,2025-05-17 17:18:30.521000+00:00,21.79661790123457,0.0,0.0,0.0,0.0,0.0,-0.7687547502819057,0.7199597912553156,-1.2722536368737916,1.1702080190504822,0.48005,230.335,230.335
1.0,2025-05-17 17:19:30.521000+00:00,21.833654938271607,0.03703703703703809,0.07093617128812256,0.09709999999999999,0.004635389705458586,0.0028918949865442637,-0.7603007097750979,0.7270375033963383,-1.2590339751322734,1.1804351003029137,0.5109,230.33963538970548,230.33789189498654
2.0,2025-05-17 17:20:30.521000+00:00,21.87069197530864,0.07407407407407263,0.14187234257623912,0.19419999999999998,0.009226477236171858,0.005877252740013727,-0.7531392662761457,0.7353545747463128,-1.2460656760451978,1.1898495210691256,0.5117,230.3442264772362,230.34087725274003
3.0,2025-05-17 17:21:30.521000+00:00,21.90772901234568,0.11111111111111072,0.21280851386436167,0.2913,0.013689982153724543,0.009231886118979647,-0.7444390089430393,0.7422436487186664,-1.22790785654156,1.1989512086718663,0.51375,230.34868998215373,230.344231886119
4.0,2025-05-17 17:22:30.521000+00:00,21.944766049382718,0.1481481481481488,0.28374468515248424,0.38839999999999997,0.01845793751622976,0.012149151337581678,-0.7391952131112905,0.7455739914005516,-1.2245246702998143,1.2040284510555574,0.51515,230.35345793751623,230.3471491513376
5.0,2025-05-17 17:23:30.521000+00:00,21.981803086419752,0.18518518518518334,0.35468085644060077,0.48549999999999993,0.023284223981073292,0.016622347179097365,-0.7368840046631222,0.7548177623453937,-1.2044743362618482,1.2143669083577615,0.51885,230.3582842239811,230.3516223471791
6.0,2025-05-17 17:24:30.521000+00:00,22.01884012345679,0.22222222222222143,0.42561702772872334,0.5826,0.027816670140063615,0.021358200986915453,-0.7286048815539213,0.7580219064385133,-1.1984613321709674,1.222474708286478,0.5233,230.36281667014006,230.35635820098693
7.0,2025-05-17 17:25:30.521000+00:00,22.05587716049383,0.2592592592592595,0.4965531990168459,0.6797,0.032066867776295464,0.02501844486534008,-0.7231759680124152,0.7639851586323582,-1.1948204977211692,1.2286974466626905,0.52515,230.36706686777632,230.36001844486535
8.0,2025-05-17 17:26:30.521000+00:00,22.092914197530863,0.29629629629629406,0.5674893703049625,0.7767999999999999,0.03689050411164562,0.028175755408192074,-0.7165844772050042,0.7665715046042011,-1.1838979704760664,1.2372413058174756,0.5279,230.37189050411166,230.3631757554082
9.0,2025-05-17 17:27:30.521000+00:00,22.1299512345679,0.33333333333333215,0.6384255415930851,0.8738999999999999,0.041282060068838076,0.03219271849149072,-0.7159656768793279,0.7719131648501212,-1.1916488196585688,1.2443469437974053,0.53035,230.37628206006886,230.3671927184915
10.0,2025-05-17 17:28:30.521000+00:00,22.16698827160494,0.37037037037037024,0.7093617128812075,0.9709999999999999,0.04626288095198297,0.039152215620060646,-0.7100071865947316,0.7737818364061108,-1.1860016700725364,1.258250069071877,0.53485,230.381262880952,230.37415221562006
11.0,2025-05-17 17:29:30.521000+00:00,22.204025308641974,0.4074074074074048,0.7802978841693241,1.0680999999999998,0.05077158570658626,0.0415778140539015,-0.7065181141355665,0.7785695960974085,-1.184483107691405,1.256728759508455,0.53825,230.3857715857066,230.37657781405392
12.0,2025-05-17 17:30:30.521000+00:00,22.22222222222222,0.42560432098765233,0.8193986248833596,1.1652,0.05269762165395498,0.04306189106377867,-0.7049472777644962,0.7814284677241619,-1.1891280646818332,1.2583344075045837,0.5386,230.38769762165396,230.3780618910638
13.0,2025-05-17 17:31:30.521000+00:00,22.22222222222222,0.42560432098765233,0.8277508102455545,1.2623,0.052015040157044334,0.042008430010371606,-0.7092568121389512,0.7829937467485445,-1.1855871238073177,1.2575602673869464,0.53765,230.38701504015705,230.3770084300104
14.0,2025-05-17 17:32:30.521000+00:00,22.22222222222222,0.42560432098765233,0.8361029956077494,1.3594,0.05269463556253686,0.04246549260389352,-0.7116500592169589,0.7824146180357023,-1.174143525278301,1.2556123152404464,0.538,230.38769463556255,230.3774654926039
15.0,2025-05-17 17:33:30.521000+00:00,22.22222222222222,0.42560432098765233,0.8444551809699442,1.4565,0.05195979806641733,0.04234506454491903,-0.7078567946070666,0.7815413053177079,-1.1831261439174707,1.2651735102230681,0.54035,230.3869597980664,230.37734506454493
16.0,2025-05-17 17:34:30.521000+00:00,22.22222222222222,0.42560432098765233,0.852807366332139,1.4894399999999999,0.051724325045618275,0.043409414601315324,-0.7074423974702758,0.7786585718988607,-1.189544517301129,1.2615117519852994,0.53765,230.38672432504563,230.37840941460132
17.0,2025-05-17 17:35:30.521000+00:00,22.22222222222222,0.42560432098765233,0.8611595516943339,1.5223799999999998,0.05061577134267992,0.04273698668836347,-0.7044348321490649,0.7771057992901494,-1.1851838492655522,1.2598377094756275,0.53795,230.38561577134269,230.37773698668838
18.0,2025-05-17 17:36:30.521000+00:00,22.22222222222222,0.42560432098765233,0.8695117370565287,1.5553199999999998,0.05165592817331435,0.04187312988956201,-0.7106422528869162,0.778183362422704,-1.1818144577125234,1.2565229581683905,0.53655,230.38665592817333,230.37687312988956
19.0,2025-05-17 17:37:30.521000+00:00,22.22222222222222,0.42560432098765233,0.8778639224187237,1.58826,0.05093482671194072,0.04069681730913856,-0.7069651865390691,0.7755597923923953,-1.1837413449533374,1.2601592010104792,0.5355,230.38593482671195,230.37569681730915
20.0,2025-05-17 17:38:30.521000+00:00,22.22222222222222,0.42560432098765233,0.8862161077809184,1.6212,0.05025565613956233,0.04164389460777898,-0.7082224631927031,0.7781514376495143,-1.1899972967531909,1.2579961259069592,0.53445,230.38525565613958,230.37664389460778
21.0,2025-05-17 17:39:30.521000+00:00,22.22222222222222,0.42560432098765233,0.8945682931431134,1.65414,0.04925453910905114,0.03939739887588196,-0.7136388292861013,0.7801522775115399,-1.1922237199264876,1.2559756279021441,0.53465,230.38425453910907,230.37439739887589
22.0,2025-05-17 17:40:30.521000+00:00,22.22222222222222,0.42560432098765233,0.9029204785053082,1.68708,0.049349035415251555,0.04071007691986639,-0.7135227337973861,0.7824919037835785,-1.1825796720079602,1.2746003704329598,0.5346,230.38434903541526,230.3757100769199
23.0,2025-05-17 17:41:30.521000+00:00,22.22222222222222,0.42560432098765233,0.911272663867503,1.7200199999999999,0.049969866839436466,0.04159370730271306,-0.7117512562001699,0.78224237889043,-1.1926319490866453,1.2556613169281547,0.53505,230.38496986683944,230.37659370730273
24.0,2025-05-17 17:42:30.521000+00:00,22.22222222222222,0.42560432098765233,0.9196248492296979,1.7529599999999999,0.049618513271188804,0.03972427440661337,-0.7127915473848397,0.7823035560953213,-1.195939588415406,1.2608432772046272,0.53675,230.3846185132712,230.37472427440662
25.0,2025-05-17 17:43:30.521000+00:00,22.22222222222222,0.42560432098765233,0.9279770345918927,1.7858999999999998,0.0491568758650405,0.04164988318736075,-0.7149580718489434,0.7764688725919083,-1.1790270915581875,1.2539884654503566,0.5356,230.38415687586505,230.37664988318735
26.0,2025-05-17 17:44:30.521000+00:00,22.22222222222222,0.42560432098765233,0.9363292199540876,1.8188399999999998,0.050016726485142354,0.03973358104137363,-0.7158949546081944,0.7870222452716731,-1.1842387293851049,1.259330418145983,0.5349,230.38501672648516,230.37473358104137
27.0,2025-05-17 17:45:30.521000+00:00,22.20338209876543,0.4067641975308618,0.9128459747421954,1.8517799999999998,0.04486004619795731,0.03572508510696676,-0.7201211829442173,0.7778433372796028,-1.199777718935579,1.2575177601092464,0.5307,230.37986004619796,230.37072508510698
28.0,2025-05-17 17:46:30.521000+00:00,22.166345061728393,0.3697271604938237,0.8586141741784625,1.88472,0.04014610711273103,0.031213140237418127,-0.7225552189274572,0.7734908955296694,-1.2049410233889255,1.2466560147489463,0.5271,230.37514610711273,230.36621314023742
29.0,2025-05-17 17:47:30.521000+00:00,22.12930802469136,0.33269012345678917,0.8043823736147356,1.91766,0.036034920213098,0.02712156515595831,-0.724093908548908,0.7702618359211091,-1.2060721678526347,1.25524762337496,0.5232,230.3710349202131,230.36212156515597
30.0,2025-05-17 17:48:30.521000+00:00,22.09227098765432,0.2956530864197511,0.7501505730510027,1.9506,0.02921278780532988,0.020972487229534202,-0.7256697898549359,0.7611403849553661,-1.2109347635963663,1.2394817488715135,0.5175,230.36421278780534,230.35597248722954
31.0,2025-05-17 17:49:30.521000+00:00,22.055233950617282,0.258616049382713,0.69591877248727,1.9722,0.024905246064708036,0.0190175544776777,-0.7364191410594221,0.7607026052786613,-1.2172773355771447,1.2380318424349699,0.5165,230.35990524606473,230.35401755447768
32.0,2025-05-17 17:50:30.521000+00:00,22.018196913580248,0.22157901234567845,0.6416869719235431,1.9937999999999998,0.018383495886807655,0.009853089214820058,-0.7432668893541603,0.7545072907811075,-1.2260897911761481,1.2323166999124884,0.50795,230.35338349588682,230.34485308921484
33.0,2025-05-17 17:51:30.521000+00:00,21.98115987654321,0.18454197530864036,0.5874551713598102,2.0154,0.012162554779406412,0.002063865472789743,-0.7563781736381988,0.7435394132575829,-1.234912557198816,1.223760595324252,0.502,230.3471625547794,230.3370638654728
34.0,2025-05-17 17:52:30.521000+00:00,21.94412283950617,0.14750493827160227,0.5332233707960774,2.037,0.007744821981106824,0.004261141849641992,-0.7514215894119243,0.7383241021116186,-1.2401562605102476,1.2178465307247595,0.50385,230.3427448219811,230.33926114184965
35.0,2025-05-17 17:53:30.521000+00:00,21.907085802469137,0.11046790123456773,0.4789915702323505,2.0585999999999998,0.005535691914895527,0.0005366262946436265,-0.7581321660026987,0.7483193826937142,-1.2411831330596985,1.2248595966080291,0.50065,230.3405356919149,230.33553662629464
36.0,2025-05-17 17:54:30.521000+00:00,21.8700487654321,0.07343086419752964,0.42475976966861767,2.0802,-0.0006006260095967306,-0.009609962014181767,-0.7634713259319483,0.7395187285957563,-1.244637464408236,1.2134858901598802,0.49235,230.3343993739904,230.3253900379858
37.0,2025-05-17 17:55:30.521000+00:00,21.83301172839506,0.036393827160491554,0.3705279691048849,2.1018,-0.006728521076712289,-0.013718818420825396,-0.764501694288068,0.7282730746627075,-1.2467066865727063,1.2023899731673962,0.48815,230.32827147892328,230.3212811815792
38.0,2025-05-17 17:56:30.521000+00:00,21.795974691358026,-0.0006432098765429828,0.316296168541158,2.1233999999999997,-0.011292015428002062,-0.017914262995132643,-0.7704796133568774,0.7232707062675288,-1.252518155304407,1.2015810452265696,0.481,230.323707984572,230.31708573700487
39.0,2025-05-17 17:57:30.521000+00:00,21.758937654320988,-0.03768024691358107,0.26206436797742516,2.145,-0.01751269232288551,-0.025717011262729676,-0.7760678793197342,0.7184277508985331,-1.2603461480590512,1.183450409874397,0.47425,230.3174873076771,230.30928298873727
40.0,2025-05-17 17:58:30.521000+00:00,21.72190061728395,-0.07471728395061916,0.20783256741369222,2.1666,-0.022949215135963756,-0.030128621729091244,-0.7798495961842762,0.7117722438062726,-1.2517109782868339,1.1877400921016121,0.471,230.31205078486406,230.30487137827092
41.0,2025-05-17 17:59:30.521000+00:00,21.684863580246915,-0.1117543209876537,0.15360076684996543,2.1882,-0.027473649740626205,-0.03443452900991194,-0.7927954651577639,0.7120226754782861,-1.2638097175151335,1.1849841142469977,0.4674,230.3075263502594,230.3005654709901
42.0,2025-05-17 18:00:30.521000+00:00,21.666666666666668,-0.12995123456790125,0.13120439686031968,2.2098,-0.03075795045052515,-0.03593001899489477,-0.7869740145889216,0.7111511741364406,-1.2774863241825598,1.177400402584123,0.46635,230.3042420495495,230.29906998100512
43.0,2025-05-17 18:01:30.521000+00:00,21.666666666666668,-0.12995123456790125,0.13955658222251463,2.2314,-0.030723805708112933,-0.03191145352859913,-0.7875808243041491,0.7097063464340927,-1.2728734214513076,1.1828658777270629,0.4671,230.3042761942919,230.3030885464714
44.0,2025-05-17 18:02:30.521000+00:00,21.666666666666668,-0.12995123456790125,0.14790876758470936,2.253,-0.02921793532328153,-0.035802658809875126,-0.7914286753459494,0.7104943047605624,-1.2768383693373235,1.1869130215973371,0.4662,230.30578206467672,230.29919734119014
45.0,2025-05-17 18:03:30.521000+00:00,21.666666666666668,-0.12995123456790125,0.1562609529469043,2.2746,-0.029904577439666753,-0.034672361548006014,-0.7936615387479967,0.7118252204068659,-1.2838367092734724,1.1804533815903238,0.4657,230.30509542256033,230.300327638452
46.0,2025-05-17 18:04:30.521000+00:00,21.666666666666668,-0.12995123456790125,0.1646131383090992,2.2963,-0.03187566953143371,-0.036511862857487774,-0.7907154182191212,0.7104622981279585,-1.2776935096215223,1.177636793186612,0.4643,230.30312433046856,230.29848813714253
47.0,2025-05-17 18:05:30.521000+00:00,21.666666666666668,-0.12995123456790125,0.17296532367129389,2.318,-0.03273878210506069,-0.03898430170383238,-0.7930854251482319,0.7053534249412876,-1.2813607136575254,1.1804198710373928,0.462,230.30226121789494,230.29601569829617
48.0,2025-05-17 18:06:30.521000+00:00,21.666666666666668,-0.12995123456790125,0.18131750903348884,2.3397,-0.032314572445855054,-0.03953613878288409,-0.7908747061960595,0.7106105268244892,-1.2726913899210768,1.1810889749707656,0.4644,230.30268542755417,230.29546386121712
49.0,2025-05-17 18:07:30.521000+00:00,21.666666666666668,-0.12995123456790125,0.18966969439568368,2.3613999999999997,-0.034029882266143674,-0.03758179865288146,-0.7962022073575529,0.7094223495500324,-1.2817084636227254,1.1863821313401102,0.46425,230.30097011773387,230.2974182013471
50.0,2025-05-17 18:08:30.521000+00:00,21.666666666666668,-0.12995123456790125,0.19802187975787863,2.3830999999999998,-0.03194790257907222,-0.03796456749093627,-0.7951313655270191,0.711063621744303,-1.2796316494139028,1.182366766727235,0.46445,230.30305209742093,230.29703543250906
51.0,2025-05-17 18:09:30.521000+00:00,21.666666666666668,-0.12995123456790125,0.20637406512007336,2.4048,-0.033210829662808805,-0.041000740617673524,-0.7938288434140904,0.7095360902171065,-1.2829104460758658,1.1908111343596122,0.463,230.3017891703372,230.29399925938233
52.0,2025-05-17 18:10:30.521000+00:00,21.666666666666668,-0.12995123456790125,0.21472625048226826,2.4265,-0.03329368628357802,-0.039619286621798935,-0.7966194564646188,0.7129311708644406,-1.2735676206479107,1.1762590745723343,0.46275,230.30170631371644,230.29538071337822
53.0,2025-05-17 18:11:30.521000+00:00,21.666666666666668,-0.12995123456790125,0.22307843584446316,2.4482,-0.03487376584365074,-0.04040405010564262,-0.8021397952485325,0.7059305050090966,-1.2823579951353503,1.1790186307885222,0.4632,230.30012623415635,230.29459594989436
54.0,2025-05-17 18:12:30.521000+00:00,21.666666666666668,-0.12995123456790125,0.23143062120665805,2.4699,-0.03440825195593487,-0.039775117741337955,-0.7973837204945313,0.704279958877147,-1.278633657492381,1.1726635449715301,0.46075,230.30059174804407,230.29522488225868
55.0,2025-05-17 18:13:30.521000+00:00,21.666666666666668,-0.12995123456790125,0.23978280656885273,2.4916,-0.034781410478231065,-0.03922626539271747,-0.7994460899059408,0.7054528640309677,-1.280372611351916,1.1816666450285265,0.4626,230.3002185895218,230.29577373460728
56.0,2025-05-17 18:14:30.521000+00:00,21.666666666666668,-0.12995123456790125,0.24813499193104768,2.5133,-0.036318077444519176,-0.039071804643313446,-0.7999941901899098,0.7073523889578848,-1.2859549760155458,1.184006420077373,0.4632,230.2986819225555,230.2959281953567
57.0,2025-05-17 18:15:30.521000+00:00,21.666666666666668,-0.12995123456790125,0.25648717729324255,2.5349999999999997,-0.035107936098520684,-0.03941273252867443,-0.8100539575279913,0.714222373896019,-1.2821935086874776,1.171404480199381,0.46325,230.2998920639015,230.29558726747135
58.0,2025-05-17 18:16:30.521000+00:00,21.666666666666668,-0.12995123456790125,0.2648393626554375,2.5566999999999998,-0.03523827519773216,-0.03758168804138591,-0.8114636777335449,0.7108524620144807,-1.2858240884755074,1.1810887861685004,0.46465,230.29976172480227,230.2974183119586
59.0,2025-05-17 18:17:30.521000+00:00,21.666666666666668,-0.12995123456790125,0.27319154801763224,2.5784,-0.03574570207826656,-0.04279682291693802,-0.8008743462744619,0.7120786792037479,-1.2833202065264557,1.1732857168693367,0.461,230.29925429792175,230.29220317708308
60.0,2025-05-17 18:18:30.521000+00:00,21.666666666666668,-0.12995123456790125,0.2815437333798272,2.6001,-0.03549691130949421,-0.03957615766337755,-0.8035933359007542,0.7092563728148273,-1.285850235282759,1.1688639987649803,0.4617,230.2995030886905,230.29542384233662
61.0,2025-05-17 18:19:30.521000+00:00,21.666666666666668,-0.12995123456790125,0.28989591874202203,2.6205583333333333,-0.036686723685497566,-0.040150187175855355,-0.8122088133340915,0.7108192516799813,-1.279017774922437,1.191566880907979,0.4628,230.2983132763145,230.29484981282414
62.0,2025-05-17 18:20:30.521000+00:00,21.666666666666668,-0.12995123456790125,0.29824810410421687,2.6410166666666663,-0.03868837560190716,-0.044976220088596884,-0.8145141237854893,0.7107009120442251,-1.2905100871971031,1.1834010457004183,0.4585,230.2963116243981,230.29002377991142
63.0,2025-05-17 18:21:30.521000+00:00,21.666666666666668,-0.12995123456790125,0.3066002894664117,2.661475,-0.03808695093956138,-0.04594170839803652,-0.8051653162679332,0.7063532230124918,-1.2794998510355269,1.1754470708501672,0.4594,230.29691304906044,230.28905829160198
64.0,2025-05-17 18:22:30.521000+00:00,21.666666666666668,-0.12995123456790125,0.31495247482860655,2.6819333333333333,-0.03786277397510819,-0.044161903213205206,-0.8158648891688745,0.7093500113878458,-1.2859549760175253,1.182046632303828,0.4594,230.2971372260249,230.2908380967868
65.0,2025-05-17 18:23:30.521000+00:00,21.666666666666668,-0.12995123456790125,0.3233046601908014,2.7023916666666667,-0.03719735747019953,-0.04084145912514066,-0.8070000878495407,0.7120763159156616,-1.2809110484025341,1.1943484948362622,0.4603,230.2978026425298,230.29415854087486
66.0,2025-05-17 18:24:30.521000+00:00,21.666666666666668,-0.12995123456790125,0.33165684555299624,2.7228499999999998,-0.04011046326535182,-0.04335838737930424,-0.8142057965416077,0.7120538166433344,-1.287304143500427,1.1812245194185618,0.45925,230.29488953673464,230.2916416126207
67.0,2025-05-17 18:25:30.521000+00:00,21.666666666666668,-0.12995123456790125,0.3400090309151911,2.7433083333333332,-0.039073577389027246,-0.04618429819514218,-0.8140770335843187,0.7086246800101821,-1.2858502352645695,1.1858370981174327,0.46025,230.295926422611,230.28881570180488
68.0,2025-05-17 18:26:30.521000+00:00,21.666666666666668,-0.12995123456790125,0.3483612162773859,2.7637666666666667,-0.038629989881032854,-0.042149634037401074,-0.8067398535950703,0.7109034727382251,-1.27974754042979,1.1765532623485753,0.4635,230.29637001011898,230.2928503659626
69.0,2025-05-17 18:27:30.521000+00:00,21.666666666666668,-0.12995123456790125,0.35671340163958076,2.7842249999999997,-0.039481388613460705,-0.04542971269511328,-0.8152871336613772,0.7102061115175172,-1.2874585210610545,1.183807783049298,0.4588,230.29551861138654,230.28957028730488
70.0,2025-05-17 18:28:30.521000+00:00,21.666666666666668,-0.12995123456790125,0.3650655870017757,2.804683333333333,-0.039295268498441206,-0.04430988740328048,-0.8153704687254482,0.7122274000493849,-1.2915407846081906,1.1871889157127873,0.4583,230.29570473150156,230.29069011259674
71.0,2025-05-17 18:29:30.521000+00:00,21.666666666666668,-0.12995123456790125,0.37341777236397056,2.8251416666666667,-0.039950000056925034,-0.04324868175165114,-0.8126060185944077,0.7074609755018623,-1.283969231677514,1.1810292600340844,0.46015,230.29504999994307,230.29175131824834
72.0,2025-05-17 18:30:30.521000+00:00,21.666666666666668,-0.12995123456790125,0.3817699577261654,2.8455999999999997,-0.04063668837474181,-0.046135903124178895,-0.8111628715021252,0.7047087393996389,-1.2858502353547465,1.1698834960578655,0.4582,230.29436331162526,230.28886409687584
73.0,2025-05-17 18:31:30.521000+00:00,21.666666666666668,-0.12995123456790125,0.39012214308836024,2.866058333333333,-0.03976109998110563,-0.048064304252909654,-0.8171839641948496,0.7183428509476311,-1.2881373429096377,1.1723594059895046,0.45545,230.29523890001892,230.2869356957471
74.0,2025-05-17 18:32:30.521000+00:00,21.666666666666668,-0.12995123456790125,0.3984743284505552,2.8865166666666666,-0.040663122081400105,-0.04521722591470416,-0.8147149225018795,0.712354688778595,-1.2853546767943531,1.1879432016123586,0.45725,230.2943368779186,230.2897827740853
75.0,2025-05-17 18:33:30.521000+00:00,21.666666666666668,-0.12995123456790125,0.40682651381275003,2.906975,-0.040859169607183415,-0.04693644362620661,-0.8241649649575425,0.7111587389385867,-1.2865775264256647,1.1929822687568161,0.4579,230.29414083039282,230.2880635563738
76.0,2025-05-17 18:34:30.521000+00:00,21.666666666666668,-0.12995123456790125,0.4151786991749449,2.927433333333333,-0.040512522432966665,-0.045167220663230326,-0.8176786731729367,0.7106971665519529,-1.2895372188822753,1.177604258192618,0.4571,230.29448747756703,230.2898327793368
77.0,2025-05-17 18:35:30.521000+00:00,21.666666666666668,-0.12995123456790125,0.4235308845371397,2.9478916666666666,-0.039908011607807575,-0.046621080238089065,-0.8205608102603414,0.7160107563265629,-1.2827927788118878,1.1801657821552758,0.45725,230.2950919883922,230.28837891976193
78.0,2025-05-17 18:36:30.521000+00:00,21.666666666666668,-0.12995123456790125,0.43188306989933456,2.96835,-0.041931153405912476,-0.047381736878015585,-0.8162160552051378,0.7103066873206058,-1.2993581003266232,1.1885921005932907,0.4567,230.29306884659408,230.287618263122
79.0,2025-05-17 18:37:30.521000+00:00,21.666666666666668,-0.12995123456790125,0.4402352552615294,2.988808333333333,-0.042646539323763964,-0.049664249909579496,-0.8327128850024368,0.7141652828071038,-1.287271128928388,1.1819348397371798,0.4566,230.29235346067625,230.28533575009044
80.0,2025-05-17 18:38:30.521000+00:00,21.666666666666668,-0.12995123456790125,0.44858744062372413,3.0092666666666665,-0.041894306018581344,-0.04792687135062548,-0.8228149205016991,0.7142306601809871,-1.2935839245175162,1.1825195118944534,0.45715,230.29310569398143,230.28707312864938
81.0,2025-05-17 18:39:30.521000+00:00,21.666666666666668,-0.12995123456790125,0.4569396259859193,3.029725,-0.042986026258974554,-0.04749666353424885,-0.8200477313339165,0.7163369471178866,-1.2924364781130746,1.1879939944686142,0.45815,230.29201397374104,230.28750333646576
82.0,2025-05-17 18:40:30.521000+00:00,21.666666666666668,-0.12995123456790125,0.4652918113481139,3.050183333333333,-0.043297735504782234,-0.051487799669578636,-0.832113403422554,0.7127680571527548,-1.2906186429019033,1.1831623362678867,0.4554,230.29170226449523,230.28351220033042
83.0,2025-05-17 18:41:30.521000+00:00,21.666666666666668,-0.12995123456790125,0.47364399671030877,3.0706416666666665,-0.04131918727060522,-0.04710117593936319,-0.8279242270063776,0.7196371508762809,-1.285850235154936,1.1778904929707197,0.45715,230.2936808127294,230.28789882406065
84.0,2025-05-17 18:42:30.521000+00:00,21.666666666666668,-0.12995123456790125,0.4819961820725036,3.0911,-0.04138688221066924,-0.045251387990372316,-0.8284646139446316,0.7176875285610335,-1.2964358495205297,1.1824526431369344,0.46085,230.29361311778933,230.28974861200965
85.0,2025-05-17 18:43:30.521000+00:00,21.666666666666668,-0.12995123456790125,0.49034836743469856,3.1115583333333334,-0.04510437220905998,-0.05202449449226913,-0.8318191035564935,0.7108559126816686,-1.2904871380498155,1.172819549065505,0.45525,230.28989562779094,230.28297550550775
86.0,2025-05-17 18:44:30.521000+00:00,21.666666666666668,-0.12995123456790125,0.4987005527968935,3.1320166666666664,-0.04478120828371474,-0.05247431437558278,-0.8328381325175878,0.7221654506938262,-1.3009853152608675,1.1735885356079008,0.45555,230.29021879171628,230.28252568562442
87.0,2025-05-17 18:45:30.521000+00:00,21.68550679012346,-0.11111111111111072,0.5388881687331754,3.152475,-0.04274944831312334,-0.052440707578994224,-0.8283578212743835,0.7146988793988499,-1.2917624314529406,1.1880253121494857,0.45475,230.2922505516869,230.282559292421
88.0,2025-05-17 18:46:30.521000+00:00,21.722543827160496,-0.07407407407407263,0.6098243400212977,3.1729333333333334,-0.037039903153701,-0.043558643515896334,-0.8293289660017125,0.7192277031068413,-1.284821315845531,1.20056045524761,0.46065,230.2979600968463,230.2914413564841
89.0,2025-05-17 18:47:30.521000+00:00,21.75958086419753,-0.03703703703703809,0.6807605113094145,3.1933916666666664,-0.0329847072265567,-0.04072488367609441,-0.8310858725518643,0.7266808761692106,-1.2795030110977392,1.188499469544367,0.4626,230.30201529277346,230.29427511632392
90.0,2025-05-17 18:48:30.521000+00:00,21.79661790123457,0.0,0.7516966825975371,3.21385,-0.02674117809608347,-0.03434935229249021,-0.811415315552243,0.7284186206808577,-1.2810190216078043,1.1976722176913197,0.47035,230.30825882190393,230.30065064770753
91.0,2025-05-17 18:49:30.521000+00:00,21.833654938271607,0.03703703703703809,0.8226328538856594,3.2214976666666666,-0.024929261692572854,-0.03403677074203875,-0.8104025898278634,0.732327217749895,-1.2790382823182214,1.197981697234642,0.47535,230.31007073830745,230.30096322925797
92.0,2025-05-17 18:50:30.521000+00:00,21.87069197530864,0.07407407407407263,0.8935690251737762,3.2291453333333333,-0.019978909420264354,-0.025046374278815998,-0.7905307060904563,0.7446308509886349,-1.267221858028681,1.2020322019881573,0.478,230.31502109057973,230.3099536257212
93.0,2025-05-17 18:51:30.521000+00:00,21.90772901234568,0.11111111111111072,0.9645051964618987,3.236793,-0.014153724394024897,-0.023238518897159183,-0.7937747979633808,0.7465435443579772,-1.2623628008374852,1.2196695400365754,0.4808,230.320846275606,230.31176148110285
94.0,2025-05-17 18:52:30.521000+00:00,21.944766049382718,0.1481481481481488,1.0354413677500212,3.2444406666666668,-0.011476163737822684,-0.014963542228841768,-0.8069125637556769,0.7503685219119856,-1.2560021096611462,1.2144969989307144,0.48855,230.32352383626218,230.32003645777115
95.0,2025-05-17 18:53:30.521000+00:00,21.981803086419752,0.18518518518518334,1.1063775390381378,3.2520883333333335,-0.005619716795563101,-0.011607309632498132,-0.783690550461151,0.7543650659761486,-1.260199216071446,1.2134661704255403,0.49075,230.32938028320444,230.3233926903675
96.0,2025-05-17 18:54:30.521000+00:00,22.01884012345679,0.22222222222222143,1.1773137103262603,3.2597359999999997,-0.00015101532513774009,-0.007997662047132266,-0.7867847486511493,0.76809861750343,-1.246397207843405,1.224729946812492,0.49465,230.33484898467486,230.32700233795288
97.0,2025-05-17 18:55:30.521000+00:00,22.05587716049383,0.2592592592592595,1.2482498816143832,3.2673836666666665,0.005063449390873403,-0.000970476536445608,-0.7758579663850552,0.768559517690973,-1.240701183369145,1.2314409045279684,0.49925,230.34006344939087,230.33402952346356
98.0,2025-05-17 18:56:30.521000+00:00,22.092914197530863,0.29629629629629406,1.3191860529024995,3.275031333333333,0.007295137201234331,0.0032759069089175544,-0.7781144693527002,0.7725969333025227,-1.241299804764519,1.2454054173391627,0.50275,230.34229513720123,230.33827590690893
99.0,2025-05-17 18:57:30.521000+00:00,22.1299512345679,0.33333333333333215,1.390122224190622,3.282679,0.013178610591599057,0.009108880926775434,-0.775483199627011,0.7780152361123159,-1.2350463882568854,1.2351748244296608,0.50775,230.34817861059162,230.3441088809268
100.0,2025-05-17 18:58:30.521000+00:00,22.16698827160494,0.37037037037037024,1.4610583954787448,3.2903266666666666,0.017144985296081695,0.009782088684210023,-0.7645838584383939,0.7810337351054468,-1.2369294596332918,1.2481903750003038,0.5075,230.3521449852961,230.3447820886842
101.0,2025-05-17 18:59:30.521000+00:00,22.204025308641974,0.4074074074074048,1.531994566766861,3.2979743333333333,0.01974245365651517,0.0104185360103412,-0.7698104845425019,0.7798362341963186,-1.2312825782538688,1.2510933751974085,0.50845,230.3547424536565,230.34541853601036
102.0,2025-05-17 19:00:30.521000+00:00,22.22222222222222,0.42560432098765233,1.5710953074808964,3.305622,0.025119039613420865,0.018658846237516975,-0.765605714311848,0.7927530204615482,-1.2362044153364733,1.2548518047053494,0.51395,230.36011903961344,230.35365884623752
103.0,2025-05-17 19:01:30.521000+00:00,22.22222222222222,0.42560432098765233,1.5794474928430915,3.313269666666667,0.024348108916651852,0.018977894210401434,-0.7664861073952286,0.7822853933147841,-1.2255008138801458,1.2520195466052388,0.51485,230.35934810891666,230.3539778942104
104.0,2025-05-17 19:02:30.521000+00:00,22.22222222222222,0.42560432098765233,1.5877996782052863,3.3209173333333335,0.024625189074220864,0.018427931850742648,-0.7616633222200115,0.7822547270170018,-1.2336837021973206,1.2575565678045095,0.5145,230.35962518907422,230.35342793185075
105.0,2025-05-17 19:03:30.521000+00:00,22.22222222222222,0.42560432098765233,1.5961518635674814,3.328565,0.024855465509829373,0.015850393496635105,-0.7616098698547517,0.7953231478432112,-1.2254876166645403,1.255965478090635,0.5118,230.35985546550984,230.35085039349664
106.0,2025-05-17 19:04:30.521000+00:00,22.22222222222222,0.42560432098765233,1.6045040489296762,3.3362126666666665,0.020818397273679522,0.015230470397349177,-0.7729200997808617,0.7835355220129153,-1.2352216208940177,1.264866683536599,0.51145,230.35581839727368,230.35023047039735
107.0,2025-05-17 19:05:30.521000+00:00,22.22222222222222,0.42560432098765233,1.612856234291871,3.343860333333333,0.023570203195705002,0.017941388853409804,-0.7692666503639554,0.7862976795399698,-1.2280583731956254,1.2485363382050683,0.5138,230.3585702031957,230.35294138885342
108.0,2025-05-17 19:06:30.521000+00:00,22.22222222222222,0.42560432098765233,1.621208419654066,3.351508,0.020812402550074244,0.0139118451343574,-0.7691672768791795,0.7862395898785223,-1.2280140911111257,1.248718494843059,0.51075,230.35581240255007,230.34891184513435
109.0,2025-05-17 19:07:30.521000+00:00,22.22222222222222,0.42560432098765233,1.6295606050162608,3.3591556666666667,0.021844665886553653,0.01316947614946945,-0.7719227615921102,0.7923309571145796,-1.2236970859773626,1.2397679319383088,0.5104,230.35684466588657,230.34816947614948
110.0,2025-05-17 19:08:30.521000+00:00,22.22222222222222,0.42560432098765233,1.6379127903784552,3.3668033333333334,0.023138107143386193,0.015088943478292871,-0.7620386023054206,0.7898051728944748,-1.2341170975159095,1.2471479694896281,0.5117,230.3581381071434,230.3500889434783
111.0,2025-05-17 19:09:30.521000+00:00,22.22222222222222,0.42560432098765233,1.6462649757406504,3.374451,0.020281126134657657,0.010550703947656465,-0.7621945220156724,0.789719644417092,-1.2370972030037035,1.2426675478171172,0.50845,230.35528112613466,230.34555070394765
112.0,2025-05-17 19:10:30.521000+00:00,22.22222222222222,0.42560432098765233,1.6546171611028453,3.382098666666667,0.02333471720735281,0.01720794254313601,-0.7696530339110202,0.7920816496132498,-1.2332038369951746,1.2482761173973285,0.51305,230.35833471720736,230.35220794254315
113.0,2025-05-17 19:11:30.521000+00:00,22.22222222222222,0.42560432098765233,1.6629693464650401,3.3897463333333335,0.023119824537889883,0.015652359507989804,-0.7686282636808709,0.7826102898579779,-1.231486487373982,1.2500922880690173,0.5126,230.3581198245379,230.350652359508
114.0,2025-05-17 19:12:30.521000+00:00,22.22222222222222,0.42560432098765233,1.671321531827235,3.3973940000000002,0.020274506590758877,0.009099948982937582,-0.7765189110666597,0.787039595701881,-1.2274769048575407,1.2528497954732476,0.50735,230.35527450659077,230.34409994898294
115.0,2025-05-17 19:13:30.521000+00:00,22.22222222222222,0.42560432098765233,1.6796737171894298,3.405041666666667,0.01961296402898955,0.00994847452582225,-0.7751155017008652,0.7959862941872161,-1.2303648554065403,1.2449899950204406,0.50745,230.354612964029,230.34494847452584
116.0,2025-05-17 19:14:30.521000+00:00,22.22222222222222,0.42560432098765233,1.6880259025516247,3.4126893333333332,0.0189657142821475,0.011762376126927404,-0.7765310356600295,0.7791053146299562,-1.2411901947560686,1.2491014496631638,0.51035,230.35396571428217,230.34676237612695
117.0,2025-05-17 19:15:30.521000+00:00,22.22222222222222,0.42560432098765233,1.6963780879138195,3.420337,0.017477860267526783,0.009248105566379325,-0.7833554970652683,0.7827564085066699,-1.2317991535450517,1.2638134461136517,0.5068,230.35247786026753,230.34424810556638
118.0,2025-05-17 19:16:30.521000+00:00,22.22222222222222,0.42560432098765233,1.7047302732760143,3.4279846666666667,0.01782967801791796,0.006146961528429924,-0.7746514036219813,0.7840013863915701,-1.233684720390205,1.2460127051382706,0.50595,230.3528296780179,230.34114696152844
119.0,2025-05-17 19:17:30.521000+00:00,22.22222222222222,0.42560432098765233,1.7130824586382092,3.4356323333333334,0.016577591694715635,0.008264569976936812,-0.7799865770969443,0.7824529007244473,-1.2403445892846265,1.2412374450631158,0.5071,230.35157759169473,230.34326456997695
120.0,2025-05-17 19:18:30.521000+00:00,22.22222222222222,0.42560432098765233,1.721434644000404,3.44328,0.017179122930033628,0.011184416253392226,-0.7830571172433572,0.7980446431683996,-1.2452243440648854,1.2456815540114101,0.5085,230.35217912293004,230.3461844162534
121.0,2025-05-17 19:19:30.521000+00:00,22.22222222222222,0.42560432098765233,1.7297868293625989,3.4542100000000002,0.019040435722311164,0.012387859135681474,-0.7746020329500949,0.7833860904420951,-1.2337293933058078,1.2430019793690066,0.50995,230.3540404357223,230.3473878591357
122.0,2025-05-17 19:20:30.521000+00:00,22.22222222222222,0.42560432098765233,1.7381390147247937,3.4651400000000003,0.01806426120234733,0.01265794070932514,-0.789275902330504,0.7918256701369772,-1.239262140275335,1.2594196183132178,0.5093,230.35306426120235,230.34765794070933
123.0,2025-05-17 19:21:30.521000+00:00,22.22222222222222,0.42560432098765233,1.7464912000869885,3.47607,0.01857254084792434,0.009129413356501073,-0.7685663104676628,0.7965453391578394,-1.2425111792235881,1.2564936642192706,0.5076,230.35357254084792,230.3441294133565
124.0,2025-05-17 19:22:30.521000+00:00,22.22222222222222,0.42560432098765233,1.7548433854491834,3.487,0.01619514608116405,0.010143390207361692,-0.7830560278714053,0.7816098263918817,-1.2305043471175978,1.2567895676107779,0.5085,230.35119514608118,230.34514339020737
125.0,2025-05-17 19:23:30.521000+00:00,22.22222222222222,0.42560432098765233,1.7631955708113782,3.49793,0.016896045144275246,0.009567840594326246,-0.7801000868101774,0.7772387714766144,-1.234311680441964,1.247978170878339,0.5083,230.3518960451443,230.34456784059432
126.0,2025-05-17 19:24:30.521000+00:00,22.22222222222222,0.42560432098765233,1.771547756173573,3.5088600000000003,0.01635549059658164,0.008229875419581867,-0.7818604836864704,0.7826808795616423,-1.238974017159972,1.2518545120583113,0.50675,230.3513554905966,230.34322987541958
127.0,2025-05-17 19:25:30.521000+00:00,22.22222222222222,0.42560432098765233,1.779899941535768,3.51979,0.017722616911835708,0.014693574509202775,-0.7802722322337421,0.7864849250068187,-1.2367629942892484,1.2515932039048845,0.5107,230.35272261691185,230.34969357450922
128.0,2025-05-17 19:26:30.521000+00:00,22.22222222222222,0.42560432098765233,1.7882521268979628,3.53072,0.014203322431561725,0.005216714293300988,-0.78325833692116,0.7726564870186415,-1.244491868740054,1.2544786907724814,0.50515,230.34920332243158,230.34021671429332
129.0,2025-05-17 19:27:30.521000+00:00,22.22222222222222,0.42560432098765233,1.7966043122601576,3.54165,0.015637846301152093,0.007664834651435304,-0.7813746677953778,0.781874399927846,-1.234857872358851,1.2597645500589358,0.5062,230.35063784630117,230.34266483465143
130.0,2025-05-17 19:28:30.521000+00:00,22.22222222222222,0.42560432098765233,1.8049564976223524,3.5525800000000003,0.014999522497588137,0.008450733865504177,-0.7922298326019843,0.7794655993521361,-1.2407766151275614,1.2467223028523189,0.506,230.3499995224976,230.34345073386552
131.0,2025-05-17 19:29:30.521000+00:00,22.22222222222222,0.42560432098765233,1.8133086829845473,3.56351,0.013707335543801656,0.006887170027364683,-0.7872844138308344,0.7830261738609049,-1.2370384100350769,1.2396177422576389,0.50565,230.34870733554382,230.34188717002738
132.0,2025-05-17 19:30:30.521000+00:00,22.22222222222222,0.42560432098765233,1.8216608683467421,3.57444,0.013087586889948096,0.0042122585490887154,-0.7873768847416152,0.7873697644241683,-1.234910360598469,1.2489548434626716,0.5028,230.34808758688996,230.3392122585491
133.0,2025-05-17 19:31:30.521000+00:00,22.22222222222222,0.42560432098765233,1.8300130537089374,3.58537,0.014957961564825505,0.012862053156566466,-0.7884993896767517,0.7823583527208543,-1.239388400880739,1.2425118838271019,0.5086,230.34995796156483,230.34786205315658
134.0,2025-05-17 19:32:30.521000+00:00,22.22222222222222,0.42560432098765233,1.8383652390711318,3.5963000000000003,0.01238176490755548,0.0034555877245044664,-0.7932947321993061,0.7825231558925777,-1.2434347802543864,1.258376978710754,0.50275,230.34738176490757,230.33845558772452
135.0,2025-05-17 19:33:30.521000+00:00,22.22222222222222,0.42560432098765233,1.8467174244333266,3.60723,0.016699116980314635,0.010940100590790376,-0.778403054498549,0.7816818060165207,-1.237969564070932,1.2544418922062082,0.5086,230.3516991169803,230.3459401005908
136.0,2025-05-17 19:34:30.521000+00:00,22.22222222222222,0.42560432098765233,1.8550696097955215,3.61816,0.014543783503408804,0.002214455390354239,-0.7959138209330809,0.7932621215150079,-1.2445454226271966,1.2457448456882163,0.50135,230.3495437835034,230.33721445539035
136.39906666666667,2025-05-17 19:34:54.465000+00:00,22.22222222222222,0.42560432098765233,1.858402688567395,3.622521798666667,0.012481471262765786,0.00022871028802002452,-0.7865895325079861,0.7923656685325673,-1.2463087457258477,1.25546826851707,0.5001,230.34748147126277,230.33522871028802
