year,source_rank,car_number,driver_name,official_speed_mph,official_lap1_s,official_lap2_s,official_lap3_s,official_lap4_s,timing_lap1_s,timing_lap2_s,timing_lap3_s,timing_lap4_s,lap_match_abs_sum_s,lap_match_abs_max_s,match_quality,candidate_id,first_lap_timestamp_ms,fourth_lap_timestamp_ms,attempt_mid_timestamp_ms,attempt_anchor_utc,analysis_files
2025,1,10,"Palou, Alex",233.043,38.6133,38.6088,38.6325,38.6235,38.6133,38.6088,38.6325,38.6235,0.0,0.0,EXACT_OR_NEAR_EXACT,T71_2025_10_5,1747501406578.0,1747501521536.0,1747501464057.0,2025-05-17T17:03:26.578000+00:00,2025_03072250-77e5-43d5-9844-4550ecd8ae34_analysis.json
2025,10,12,"Power, Will",232.144,38.7638,38.7848,38.7879,38.7395,38.7638,38.7848,38.7879,38.7395,0.0,0.0,EXACT_OR_NEAR_EXACT,T71_2025_12_8,1747508740844.0,1747508855921.0,1747508798382.5,2025-05-17T19:05:40.844000+00:00,2025_03072250-77e5-43d5-9844-4550ecd8ae34_analysis.json
2025,38,12,"Power, Will",231.62,38.7421,38.7966,38.8589,39.0297,38.7421,38.7966,38.8589,39.0297,0.0,0.0,EXACT_OR_NEAR_EXACT,T71_2025_12_10,1747516944844.0,1747517063247.0,1747517004045.5,2025-05-17T21:22:24.844000+00:00,2025_03072250-77e5-43d5-9844-4550ecd8ae34_analysis.json
2025,17,14,"Ferrucci, Santino",231.593,38.8371,38.8373,38.8351,38.9358,38.8371,38.8373,38.8351,38.9358,0.0,0.0,EXACT_OR_NEAR_EXACT,T71_2025_14_14,1747509891900.0,1747510008659.0,1747509950279.5,2025-05-17T19:24:51.900000+00:00,2025_03072250-77e5-43d5-9844-4550ecd8ae34_analysis.json
2025,50,14,"Ferrucci, Santino",230.837,38.8551,39.1399,38.9947,38.9647,38.8551,39.1399,38.9947,38.9647,0.0,0.0,EXACT_OR_NEAR_EXACT,T71_2025_14_12,1747499420544.0,1747499535536.0,1747499478040.0,2025-05-17T16:30:20.544000+00:00,2025_03072250-77e5-43d5-9844-4550ecd8ae34_analysis.json
2025,69,15,"Rahal, Graham",228.686,39.1342,39.1119,39.5575,39.6174,39.1342,39.1119,39.5575,39.6174,0.0,0.0,EXACT_OR_NEAR_EXACT,T71_2025_15_16,1747496616044.0,1747496734438.0,1747496675241.0,2025-05-17T15:43:36.044000+00:00,2025_03072250-77e5-43d5-9844-4550ecd8ae34_analysis.json
2025,21,17,"Larson, Kyle",231.326,38.8021,38.8883,38.9354,38.9984,38.8021,38.8883,38.9354,38.9984,0.0,0.0,EXACT_OR_NEAR_EXACT,T71_2025_17_21,1747509269666.0,1747509386436.0,1747509328051.0,2025-05-17T19:14:29.666000+00:00,2025_03072250-77e5-43d5-9844-4550ecd8ae34_analysis.json
2025,59,17,"Larson, Kyle",230.053,39.0386,39.0349,39.1709,39.2411,39.0386,39.0349,39.1709,39.2411,0.0,0.0,EXACT_OR_NEAR_EXACT,T71_2025_17_19,1747499967091.0,1747500083746.0,1747500025418.5,2025-05-17T16:39:27.091000+00:00,2025_03072250-77e5-43d5-9844-4550ecd8ae34_analysis.json
2025,64,18,"Veekay, Rinus",229.519,39.1007,39.0825,39.1754,39.4915,39.1007,39.0825,39.1754,39.4915,0.0,0.0,EXACT_OR_NEAR_EXACT,T71_2025_18_25,1747513443159.0,1747513561546.0,1747513502352.5,2025-05-17T20:24:03.159000+00:00,2025_03072250-77e5-43d5-9844-4550ecd8ae34_analysis.json
2025,67,18,"Veekay, Rinus",229.228,39.2308,39.2621,39.2902,39.266,39.2308,39.2621,39.2902,39.266,0.0,0.0,EXACT_OR_NEAR_EXACT,T71_2025_18_23,1747503675054.0,1747503793500.0,1747503734277.0,2025-05-17T17:41:15.054000+00:00,2025_03072250-77e5-43d5-9844-4550ecd8ae34_analysis.json
2025,3,2,"Newgarden, Josef",233.004,38.6151,38.6252,38.6271,38.6362,38.6151,38.6252,38.6271,38.6362,0.0,0.0,EXACT_OR_NEAR_EXACT,T71_2025_2_28,1747505258737.0,1747505373835.0,1747505316286.0,2025-05-17T18:07:38.737000+00:00,2025_03072250-77e5-43d5-9844-4550ecd8ae34_analysis.json
2025,14,20,"Rossi, Alexander",231.701,38.671,38.8792,38.8304,38.9919,38.671,38.8792,38.8304,38.9919,0.0,0.0,EXACT_OR_NEAR_EXACT,T71_2025_20_34,1747510701328.0,1747510818147.0,1747510759737.5,2025-05-17T19:38:21.328000+00:00,2025_03072250-77e5-43d5-9844-4550ecd8ae34_analysis.json
2025,37,20,"Rossi, Alexander",231.673,38.7909,38.8244,38.8711,38.9052,38.7909,38.8244,38.8711,38.9052,0.0,0.0,EXACT_OR_NEAR_EXACT,T71_2025_20_36,1747516149149.0,1747516265953.0,1747516207551.0,2025-05-17T21:09:09.149000+00:00,2025_03072250-77e5-43d5-9844-4550ecd8ae34_analysis.json
2025,40,20,"Rossi, Alexander",231.51,38.6972,38.8683,38.8927,39.0424,38.6972,38.8683,38.8927,39.0424,0.0,0.0,EXACT_OR_NEAR_EXACT,T71_2025_20_30,1747495480985.0,1747495597691.0,1747495539338.0,2025-05-17T15:24:40.985000+00:00,2025_03072250-77e5-43d5-9844-4550ecd8ae34_analysis.json
2025,45,20,"Rossi, Alexander",231.349,38.8206,38.8893,38.8778,39.0213,38.8206,38.8893,38.8778,39.0213,0.0,0.0,EXACT_OR_NEAR_EXACT,T71_2025_20_32,1747505812386.0,1747505929177.0,1747505870781.5,2025-05-17T18:16:52.386000+00:00,2025_03072250-77e5-43d5-9844-4550ecd8ae34_analysis.json
2025,47,21,"Rasmussen, Christian",231.206,38.8525,38.9401,38.9435,38.9694,38.8525,38.9401,38.9435,38.9694,0.0,0.0,EXACT_OR_NEAR_EXACT,T71_2025_21_39,1747512218625.0,1747512335395.0,1747512277010.0,2025-05-17T20:03:38.625000+00:00,2025_03072250-77e5-43d5-9844-4550ecd8ae34_analysis.json
2025,27,23,"Hunter-Reay, Ryan",230.363,39.0208,39.0438,39.1288,39.0818,39.0208,39.0438,39.1288,39.0818,0.0,0.0,EXACT_OR_NEAR_EXACT,T71_2025_23_43,1747514228891.0,1747514345636.0,1747514287263.5,2025-05-17T20:37:08.891000+00:00,2025_03072250-77e5-43d5-9844-4550ecd8ae34_analysis.json
2025,57,23,"Hunter-Reay, Ryan",230.236,39.073,39.0746,39.074,39.1398,39.073,39.0746,39.074,39.1398,0.0,0.0,EXACT_OR_NEAR_EXACT,T71_2025_23_41,1747495766584.0,1747495884844.0,1747495825714.0,2025-05-17T15:29:26.584000+00:00,2025_03072250-77e5-43d5-9844-4550ecd8ae34_analysis.json
2025,28,24,"Harvey, Jack",230.348,38.9101,39.0487,39.2036,39.1229,38.9101,39.0487,39.2036,39.1229,0.0,0.0,EXACT_OR_NEAR_EXACT,T71_2025_24_45,1747496041442.0,1747496158117.0,1747496099779.5,2025-05-17T15:34:01.442000+00:00,2025_03072250-77e5-43d5-9844-4550ecd8ae34_analysis.json
2025,60,24,"Harvey, Jack",230.012,39.0065,39.0799,39.177,39.2503,39.0065,39.0799,39.177,39.2503,0.0,0.0,EXACT_OR_NEAR_EXACT,T71_2025_24_47,1747515116349.0,1747515233249.0,1747515174799.0,2025-05-17T20:51:56.349000+00:00,2025_03072250-77e5-43d5-9844-4550ecd8ae34_analysis.json
2025,29,26,"Herta, Colton",230.192,39.1173,39.0871,39.0924,39.0942,39.1173,39.0871,39.0924,39.0942,0.0,0.0,EXACT_OR_NEAR_EXACT,T71_2025_26_49,1747514836121.0,1747514954537.0,1747514895329.0,2025-05-17T20:47:16.121000+00:00,2025_03072250-77e5-43d5-9844-4550ecd8ae34_analysis.json
2025,25,27,"Kirkwood, Kyle",230.917,38.8022,38.9161,38.9177,39.2639,38.8022,38.9161,38.9177,39.2639,0.0,0.0,EXACT_OR_NEAR_EXACT,T71_2025_27_51,1747502819314.0,1747502936080.0,1747502877697.0,2025-05-17T17:26:59.314000+00:00,2025_03072250-77e5-43d5-9844-4550ecd8ae34_analysis.json
2025,49,27,"Kirkwood, Kyle",230.868,39.0036,39.0055,38.9944,38.93,39.0036,39.0055,38.9944,38.93,0.0,0.0,EXACT_OR_NEAR_EXACT,T71_2025_27_53,1747511105117.0,1747511221908.0,1747511163512.5,2025-05-17T19:45:05.117000+00:00,2025_03072250-77e5-43d5-9844-4550ecd8ae34_analysis.json
2025,11,28,"Ericsson, Marcus",232.132,38.7726,38.7193,38.7681,38.8243,38.7726,38.7193,38.7681,38.8243,0.0,0.0,EXACT_OR_NEAR_EXACT,T71_2025_28_55,1747494386800.0,1747494501923.0,1747494444361.5,2025-05-17T15:06:26.800000+00:00,2025_03072250-77e5-43d5-9844-4550ecd8ae34_analysis.json
2025,2,3,"McLaughlin, Scott",233.013,38.6043,38.7107,38.5799,38.603,38.6043,38.7107,38.5799,38.603,0.0,0.0,EXACT_OR_NEAR_EXACT,T71_2025_3_58,1747501974935.0,1747502090409.0,1747502032672.0,2025-05-17T17:12:54.935000+00:00,2025_03072250-77e5-43d5-9844-4550ecd8ae34_analysis.json
2025,18,30,"DeFrancesco, Devlin",231.575,38.7468,38.8389,38.8811,38.9907,38.7468,38.8389,38.8811,38.9907,0.0,0.0,EXACT_OR_NEAR_EXACT,T71_2025_30_62,1747512959327.0,1747513076122.0,1747513017724.5,2025-05-17T20:15:59.327000+00:00,2025_03072250-77e5-43d5-9844-4550ecd8ae34_analysis.json
2025,53,30,"DeFrancesco, Devlin",230.415,38.7916,39.2063,39.1234,39.1183,38.7916,39.2063,39.1234,39.1183,0.0,0.0,EXACT_OR_NEAR_EXACT,T71_2025_30_60,1747503101191.0,1747503217935.0,1747503159563.0,2025-05-17T17:31:41.191000+00:00,2025_03072250-77e5-43d5-9844-4550ecd8ae34_analysis.json
2025,16,33,"Carpenter, Ed",231.633,38.7904,38.8833,38.8448,38.8995,38.7904,38.8833,38.8448,38.8995,0.0,0.0,EXACT_OR_NEAR_EXACT,T71_2025_33_66,1747514549095.0,1747514666021.0,1747514607558.0,2025-05-17T20:42:29.095000+00:00,2025_03072250-77e5-43d5-9844-4550ecd8ae34_analysis.json
2025,44,33,"Carpenter, Ed",231.392,38.7285,38.9669,38.9237,38.961,38.7285,38.9669,38.9237,38.961,0.0,0.0,EXACT_OR_NEAR_EXACT,T71_2025_33_64,1747500518665.0,1747500633656.0,1747500576160.5,2025-05-17T16:48:38.665000+00:00,2025_03072250-77e5-43d5-9844-4550ecd8ae34_analysis.json
2025,7,4,"Malukas, David",232.546,38.6251,38.6378,38.7685,38.7766,38.6251,38.6378,38.7685,38.7766,0.0,0.0,EXACT_OR_NEAR_EXACT,T71_2025_4_70,1747516687503.0,1747516803027.0,1747516745265.0,2025-05-17T21:18:07.503000+00:00,2025_03072250-77e5-43d5-9844-4550ecd8ae34_analysis.json
2025,33,4,"Malukas, David",232.194,38.8124,38.813,38.7028,38.7144,38.8124,38.813,38.7028,38.7144,0.0,0.0,EXACT_OR_NEAR_EXACT,T71_2025_4_68,1747499152396.0,1747499268945.0,1747499210670.5,2025-05-17T16:25:52.396000+00:00,2025_03072250-77e5-43d5-9844-4550ecd8ae34_analysis.json
2025,22,45,"Foster, Louis",231.058,38.8669,38.9154,39.012,39.0106,38.8669,38.9154,39.012,39.0106,0.0,0.0,EXACT_OR_NEAR_EXACT,T71_2025_45_74,1747516421995.0,1747516537194.0,1747516479594.5,2025-05-17T21:13:41.995000+00:00,2025_03072250-77e5-43d5-9844-4550ecd8ae34_analysis.json
2025,52,45,"Foster, Louis",230.566,38.953,38.9981,39.0988,39.0877,38.953,38.9981,39.0988,39.0877,0.0,0.0,EXACT_OR_NEAR_EXACT,T71_2025_45_72,1747501691494.0,1747501808194.0,1747501749844.0,2025-05-17T17:08:11.494000+00:00,2025_03072250-77e5-43d5-9844-4550ecd8ae34_analysis.json
2025,4,5,"O'Ward, Pato",232.82,38.6512,38.6486,38.6614,38.6645,38.6512,38.6486,38.6614,38.6645,0.0,0.0,EXACT_OR_NEAR_EXACT,T71_2025_5_76,1747494670831.0,1747494785961.0,1747494728396.0,2025-05-17T15:11:10.831000+00:00,2025_03072250-77e5-43d5-9844-4550ecd8ae34_analysis.json
2025,71,51,"Abel, Jacob",226.859,39.7125,39.7983,39.6218,39.5566,39.7125,39.7983,39.6218,39.5566,0.0,0.0,EXACT_OR_NEAR_EXACT,T71_2025_51_78,1747501124765.0,1747501243134.0,1747501183949.5,2025-05-17T16:58:44.765000+00:00,2025_03072250-77e5-43d5-9844-4550ecd8ae34_analysis.json
2025,26,6,"Siegel, Nolan",230.571,38.9652,38.9952,39.0642,39.1096,38.9652,38.9952,39.0642,39.1096,0.0,0.0,EXACT_OR_NEAR_EXACT,T71_2025_6_80,1747496881961.0,1747496998708.0,1747496940334.5,2025-05-17T15:48:01.961000+00:00,2025_03072250-77e5-43d5-9844-4550ecd8ae34_analysis.json
2025,58,6,"Siegel, Nolan",230.099,39.0525,39.1262,39.1257,39.15,39.0525,39.1262,39.1257,39.15,0.0,0.0,EXACT_OR_NEAR_EXACT,T71_2025_6_82,1747509006035.0,1747509122848.0,1747509064441.5,2025-05-17T19:10:06.035000+00:00,2025_03072250-77e5-43d5-9844-4550ecd8ae34_analysis.json
2025,8,60,"Rosenqvist, Felix",232.449,38.5713,38.5816,38.9564,38.7633,38.5713,38.5816,38.9564,38.7633,0.0,0.0,EXACT_OR_NEAR_EXACT,T71_2025_60_83,1747497448885.0,1747497565646.0,1747497507265.5,2025-05-17T15:57:28.885000+00:00,2025_03072250-77e5-43d5-9844-4550ecd8ae34_analysis.json
2025,12,7,"Lundgaard, Christian",231.809,38.8304,38.7789,38.8518,38.8393,38.8304,38.7789,38.8518,38.8393,0.0,0.0,EXACT_OR_NEAR_EXACT,T71_2025_7_89,1747511649157.0,1747511765983.0,1747511707570.0,2025-05-17T19:54:09.157000+00:00,2025_03072250-77e5-43d5-9844-4550ecd8ae34_analysis.json
2025,56,7,"Lundgaard, Christian",230.304,39.389,39.0007,39.0994,38.8263,39.389,39.0007,39.0994,38.8263,0.0,0.0,EXACT_OR_NEAR_EXACT,T71_2025_7_87,1747496350104.0,1747496466873.0,1747496408488.5,2025-05-17T15:39:10.104000+00:00,2025_03072250-77e5-43d5-9844-4550ecd8ae34_analysis.json
2025,9,75,"Sato, Takuma",232.415,38.6448,38.6533,38.8416,38.7554,38.6448,38.6533,38.8416,38.7554,0.0,0.0,EXACT_OR_NEAR_EXACT,T71_2025_75_93,1747515647031.0,1747515762209.0,1747515704620.0,2025-05-17T21:00:47.031000+00:00,2025_03072250-77e5-43d5-9844-4550ecd8ae34_analysis.json
2025,34,75,"Sato, Takuma",232.169,38.7201,38.7659,38.7847,38.7889,38.7201,38.7659,38.7847,38.7889,0.0,0.0,EXACT_OR_NEAR_EXACT,T71_2025_75_91,1747500238703.0,1747500355354.0,1747500297028.5,2025-05-17T16:43:58.703000+00:00,2025_03072250-77e5-43d5-9844-4550ecd8ae34_analysis.json
2025,13,76,"Daly, Conor",231.725,38.8318,38.814,38.8147,38.8963,38.8318,38.814,38.8147,38.8963,0.0,0.0,EXACT_OR_NEAR_EXACT,T71_2025_76_99,1747518501424.0,1747518616495.0,1747518558959.5,2025-05-17T21:48:21.424000+00:00,2025_03072250-77e5-43d5-9844-4550ecd8ae34_analysis.json
2025,39,76,"Daly, Conor",231.596,38.8295,38.8616,38.8684,38.8833,38.8295,38.8616,38.8684,38.8833,0.0,0.0,EXACT_OR_NEAR_EXACT,T71_2025_76_95,1747497150816.0,1747497267585.0,1747497209200.5,2025-05-17T15:52:30.816000+00:00,2025_03072250-77e5-43d5-9844-4550ecd8ae34_analysis.json
2025,46,76,"Daly, Conor",231.221,38.8996,38.8977,38.9319,38.966,38.8996,38.8977,38.9319,38.966,0.0,0.0,EXACT_OR_NEAR_EXACT,T71_2025_76_97,1747506428223.0,1747506544993.0,1747506486608.0,2025-05-17T18:27:08.223000+00:00,2025_03072250-77e5-43d5-9844-4550ecd8ae34_analysis.json
2025,19,77,"Robb, Sting Ray",231.461,38.7773,38.8971,38.9527,38.9065,38.7773,38.8971,38.9527,38.9065,0.0,0.0,EXACT_OR_NEAR_EXACT,T71_2025_77_103,1747510436076.0,1747510552854.0,1747510494465.0,2025-05-17T19:33:56.076000+00:00,2025_03072250-77e5-43d5-9844-4550ecd8ae34_analysis.json
2025,54,77,"Robb, Sting Ray",230.335,39.117,39.016,38.9078,39.2536,39.117,39.016,38.9078,39.2536,0.0,0.0,EXACT_OR_NEAR_EXACT,T71_2025_77_101,1747502252165.0,1747502368877.0,1747502310521.0,2025-05-17T17:17:32.165000+00:00,2025_03072250-77e5-43d5-9844-4550ecd8ae34_analysis.json
2025,15,8,"Simpson, Kyffin",231.641,38.7937,38.8439,38.921,38.8541,38.7937,38.8439,38.921,38.8541,0.0,0.0,EXACT_OR_NEAR_EXACT,T71_2025_8_105,1747494940501.0,1747495055643.0,1747494998072.0,2025-05-17T15:15:40.501000+00:00,2025_03072250-77e5-43d5-9844-4550ecd8ae34_analysis.json
2025,6,83,"Shwartzman, Robert",232.584,38.5885,38.6101,38.7885,38.7957,38.5885,38.6101,38.7885,38.7957,0.0,0.0,EXACT_OR_NEAR_EXACT,T71_2025_83_108,1747495218430.0,1747495335151.0,1747495276790.5,2025-05-17T15:20:18.430000+00:00,2025_03072250-77e5-43d5-9844-4550ecd8ae34_analysis.json
2025,23,90,"Ilott, Callum",230.993,38.9142,38.9637,38.9931,38.9779,38.9142,38.9637,38.9931,38.9779,0.0,0.0,EXACT_OR_NEAR_EXACT,T71_2025_90_113,1747513718394.0,1747513835184.0,1747513776789.0,2025-05-17T20:28:38.394000+00:00,2025_03072250-77e5-43d5-9844-4550ecd8ae34_analysis.json
2025,51,90,"Ilott, Callum",230.704,38.9275,38.9392,39.0905,39.0871,38.9275,38.9392,39.0905,39.0871,0.0,0.0,EXACT_OR_NEAR_EXACT,T71_2025_90_111,1747503396335.0,1747503513086.0,1747503454710.5,2025-05-17T17:36:36.335000+00:00,2025_03072250-77e5-43d5-9844-4550ecd8ae34_analysis.json
2025,61,98,"Andretti, Marco",229.859,39.048,39.1769,39.0925,39.3006,39.048,39.1769,39.0925,39.3006,0.0,0.0,EXACT_OR_NEAR_EXACT,T71_2025_98_121,1747517723929.0,1747517842359.0,1747517783144.0,2025-05-17T21:35:23.929000+00:00,2025_03072250-77e5-43d5-9844-4550ecd8ae34_analysis.json
2025,62,98,"Andretti, Marco",229.857,39.1876,39.158,39.1674,39.1061,39.1876,39.158,39.1674,39.1061,0.0,0.0,EXACT_OR_NEAR_EXACT,T71_2025_98_115,1747500820358.0,1747500936496.0,1747500878427.0,2025-05-17T16:53:40.358000+00:00,2025_03072250-77e5-43d5-9844-4550ecd8ae34_analysis.json
2025,65,98,"Andretti, Marco",229.475,39.1535,39.2334,39.2525,39.2402,39.1535,39.2334,39.2525,39.2402,0.0,0.0,EXACT_OR_NEAR_EXACT,T71_2025_98_119,1747515383362.0,1747515500139.0,1747515441750.5,2025-05-17T20:56:23.362000+00:00,2025_03072250-77e5-43d5-9844-4550ecd8ae34_analysis.json
2025,66,98,"Andretti, Marco",229.356,39.1984,39.2576,39.2774,39.2278,39.1984,39.2576,39.2774,39.2278,0.0,0.0,EXACT_OR_NEAR_EXACT,T71_2025_98_117,1747508467244.0,1747508584027.0,1747508525635.5,2025-05-17T19:01:07.244000+00:00,2025_03072250-77e5-43d5-9844-4550ecd8ae34_analysis.json
