year,driver_name,driver_key,car_number,reference_speed_mph,reference_type,reference_priority,source_quality,source_type,source_url,source_file,extraction_method,model_role,provenance_note,pdf_position,pdf_lap_time
2020,Alex Palou,alex palou,55,231.989,GENERAL_FAST_FRIDAY_BEST_SPEED,1,VERY_HIGH,OFFICIAL_RESULTS_PDF,https://www.imscdn.com/INDYCAR/Documents/5767/2020-08-14/indycar-results-p3.pdf,r4/evidence/fast_friday/r4f6j/2020_fast_friday_practice3_results.pdf,PDFTOTEXT_CROSSCHECK_OFFICIAL_SESSION_API,CORE_DEVELOPMENT,Official session fastest-lap result; not interpreted as a no-tow lap or four-lap average.,6,00:38.7949
2020,Alexander Rossi,alexander rossi,27,231.859,GENERAL_FAST_FRIDAY_BEST_SPEED,1,VERY_HIGH,OFFICIAL_RESULTS_PDF,https://www.imscdn.com/INDYCAR/Documents/5767/2020-08-14/indycar-results-p3.pdf,r4/evidence/fast_friday/r4f6j/2020_fast_friday_practice3_results.pdf,PDFTOTEXT_CROSSCHECK_OFFICIAL_SESSION_API,CORE_DEVELOPMENT,Official session fastest-lap result; not interpreted as a no-tow lap or four-lap average.,9,00:38.8167
2020,Ben Hanley,ben hanley,81,222.086,GENERAL_FAST_FRIDAY_BEST_SPEED,1,VERY_HIGH,OFFICIAL_RESULTS_PDF,https://www.imscdn.com/INDYCAR/Documents/5767/2020-08-14/indycar-results-p3.pdf,r4/evidence/fast_friday/r4f6j/2020_fast_friday_practice3_results.pdf,PDFTOTEXT_CROSSCHECK_OFFICIAL_SESSION_API,CORE_DEVELOPMENT,Official session fastest-lap result; not interpreted as a no-tow lap or four-lap average.,33,00:40.5248
2020,Charlie Kimball,charlie kimball,4,230.861,GENERAL_FAST_FRIDAY_BEST_SPEED,1,VERY_HIGH,OFFICIAL_RESULTS_PDF,https://www.imscdn.com/INDYCAR/Documents/5767/2020-08-14/indycar-results-p3.pdf,r4/evidence/fast_friday/r4f6j/2020_fast_friday_practice3_results.pdf,PDFTOTEXT_CROSSCHECK_OFFICIAL_SESSION_API,CORE_DEVELOPMENT,Official session fastest-lap result; not interpreted as a no-tow lap or four-lap average.,16,00:38.9845
2020,Colton Herta,colton herta,88,231.595,GENERAL_FAST_FRIDAY_BEST_SPEED,1,VERY_HIGH,OFFICIAL_RESULTS_PDF,https://www.imscdn.com/INDYCAR/Documents/5767/2020-08-14/indycar-results-p3.pdf,r4/evidence/fast_friday/r4f6j/2020_fast_friday_practice3_results.pdf,PDFTOTEXT_CROSSCHECK_OFFICIAL_SESSION_API,CORE_DEVELOPMENT,Official session fastest-lap result; not interpreted as a no-tow lap or four-lap average.,13,00:38.8610
2020,Conor Daly,conor daly,47,232.337,GENERAL_FAST_FRIDAY_BEST_SPEED,1,VERY_HIGH,OFFICIAL_RESULTS_PDF,https://www.imscdn.com/INDYCAR/Documents/5767/2020-08-14/indycar-results-p3.pdf,r4/evidence/fast_friday/r4f6j/2020_fast_friday_practice3_results.pdf,PDFTOTEXT_CROSSCHECK_OFFICIAL_SESSION_API,CORE_DEVELOPMENT,Official session fastest-lap result; not interpreted as a no-tow lap or four-lap average.,2,00:38.7368
2020,Dalton Kellett,dalton kellett,41,229.099,GENERAL_FAST_FRIDAY_BEST_SPEED,1,VERY_HIGH,OFFICIAL_RESULTS_PDF,https://www.imscdn.com/INDYCAR/Documents/5767/2020-08-14/indycar-results-p3.pdf,r4/evidence/fast_friday/r4f6j/2020_fast_friday_practice3_results.pdf,PDFTOTEXT_CROSSCHECK_OFFICIAL_SESSION_API,CORE_DEVELOPMENT,Official session fastest-lap result; not interpreted as a no-tow lap or four-lap average.,28,00:39.2844
2020,Ed Carpenter,ed carpenter,20,229.563,GENERAL_FAST_FRIDAY_BEST_SPEED,1,VERY_HIGH,OFFICIAL_RESULTS_PDF,https://www.imscdn.com/INDYCAR/Documents/5767/2020-08-14/indycar-results-p3.pdf,r4/evidence/fast_friday/r4f6j/2020_fast_friday_practice3_results.pdf,PDFTOTEXT_CROSSCHECK_OFFICIAL_SESSION_API,CORE_DEVELOPMENT,Official session fastest-lap result; not interpreted as a no-tow lap or four-lap average.,27,00:39.2050
2020,Felix Rosenqvist,felix rosenqvist,10,230.432,GENERAL_FAST_FRIDAY_BEST_SPEED,1,VERY_HIGH,OFFICIAL_RESULTS_PDF,https://www.imscdn.com/INDYCAR/Documents/5767/2020-08-14/indycar-results-p3.pdf,r4/evidence/fast_friday/r4f6j/2020_fast_friday_practice3_results.pdf,PDFTOTEXT_CROSSCHECK_OFFICIAL_SESSION_API,CORE_DEVELOPMENT,Official session fastest-lap result; not interpreted as a no-tow lap or four-lap average.,20,00:39.0571
2020,Fernando Alonso,fernando alonso,66,229.788,GENERAL_FAST_FRIDAY_BEST_SPEED,1,VERY_HIGH,OFFICIAL_RESULTS_PDF,https://www.imscdn.com/INDYCAR/Documents/5767/2020-08-14/indycar-results-p3.pdf,r4/evidence/fast_friday/r4f6j/2020_fast_friday_practice3_results.pdf,PDFTOTEXT_CROSSCHECK_OFFICIAL_SESSION_API,CORE_DEVELOPMENT,Official session fastest-lap result; not interpreted as a no-tow lap or four-lap average.,25,00:39.1666
2020,Graham Rahal,graham rahal,15,231.239,GENERAL_FAST_FRIDAY_BEST_SPEED,1,VERY_HIGH,OFFICIAL_RESULTS_PDF,https://www.imscdn.com/INDYCAR/Documents/5767/2020-08-14/indycar-results-p3.pdf,r4/evidence/fast_friday/r4f6j/2020_fast_friday_practice3_results.pdf,PDFTOTEXT_CROSSCHECK_OFFICIAL_SESSION_API,CORE_DEVELOPMENT,Official session fastest-lap result; not interpreted as a no-tow lap or four-lap average.,14,00:38.9208
2020,Helio Castroneves,helio castroneves,3,228.451,GENERAL_FAST_FRIDAY_BEST_SPEED,1,VERY_HIGH,OFFICIAL_RESULTS_PDF,https://www.imscdn.com/INDYCAR/Documents/5767/2020-08-14/indycar-results-p3.pdf,r4/evidence/fast_friday/r4f6j/2020_fast_friday_practice3_results.pdf,PDFTOTEXT_CROSSCHECK_OFFICIAL_SESSION_API,CORE_DEVELOPMENT,Official session fastest-lap result; not interpreted as a no-tow lap or four-lap average.,29,00:39.3957
2020,Jack Harvey,jack harvey,60,231.6,GENERAL_FAST_FRIDAY_BEST_SPEED,1,VERY_HIGH,OFFICIAL_RESULTS_PDF,https://www.imscdn.com/INDYCAR/Documents/5767/2020-08-14/indycar-results-p3.pdf,r4/evidence/fast_friday/r4f6j/2020_fast_friday_practice3_results.pdf,PDFTOTEXT_CROSSCHECK_OFFICIAL_SESSION_API,CORE_DEVELOPMENT,Official session fastest-lap result; not interpreted as a no-tow lap or four-lap average.,12,00:38.8601
2020,James Davison,james davison,51,229.766,GENERAL_FAST_FRIDAY_BEST_SPEED,1,VERY_HIGH,OFFICIAL_RESULTS_PDF,https://www.imscdn.com/INDYCAR/Documents/5767/2020-08-14/indycar-results-p3.pdf,r4/evidence/fast_friday/r4f6j/2020_fast_friday_practice3_results.pdf,PDFTOTEXT_CROSSCHECK_OFFICIAL_SESSION_API,CORE_DEVELOPMENT,Official session fastest-lap result; not interpreted as a no-tow lap or four-lap average.,26,00:39.1703
2020,James Hinchcliffe,james hinchcliffe,29,231.967,GENERAL_FAST_FRIDAY_BEST_SPEED,1,VERY_HIGH,OFFICIAL_RESULTS_PDF,https://www.imscdn.com/INDYCAR/Documents/5767/2020-08-14/indycar-results-p3.pdf,r4/evidence/fast_friday/r4f6j/2020_fast_friday_practice3_results.pdf,PDFTOTEXT_CROSSCHECK_OFFICIAL_SESSION_API,CORE_DEVELOPMENT,Official session fastest-lap result; not interpreted as a no-tow lap or four-lap average.,7,00:38.7987
2020,Josef Newgarden,josef newgarden,1,230.583,GENERAL_FAST_FRIDAY_BEST_SPEED,1,VERY_HIGH,OFFICIAL_RESULTS_PDF,https://www.imscdn.com/INDYCAR/Documents/5767/2020-08-14/indycar-results-p3.pdf,r4/evidence/fast_friday/r4f6j/2020_fast_friday_practice3_results.pdf,PDFTOTEXT_CROSSCHECK_OFFICIAL_SESSION_API,CORE_DEVELOPMENT,Official session fastest-lap result; not interpreted as a no-tow lap or four-lap average.,17,00:39.0315
2020,JR Hildebrand,jr hildebrand,67,228.275,GENERAL_FAST_FRIDAY_BEST_SPEED,1,VERY_HIGH,OFFICIAL_RESULTS_PDF,https://www.imscdn.com/INDYCAR/Documents/5767/2020-08-14/indycar-results-p3.pdf,r4/evidence/fast_friday/r4f6j/2020_fast_friday_practice3_results.pdf,PDFTOTEXT_CROSSCHECK_OFFICIAL_SESSION_API,CORE_DEVELOPMENT,Official session fastest-lap result; not interpreted as a no-tow lap or four-lap average.,30,00:39.4261
2020,Marco Andretti,marco andretti,98,233.491,GENERAL_FAST_FRIDAY_BEST_SPEED,1,VERY_HIGH,OFFICIAL_RESULTS_PDF,https://www.imscdn.com/INDYCAR/Documents/5767/2020-08-14/indycar-results-p3.pdf,r4/evidence/fast_friday/r4f6j/2020_fast_friday_practice3_results.pdf,PDFTOTEXT_CROSSCHECK_OFFICIAL_SESSION_API,CORE_DEVELOPMENT,Official session fastest-lap result; not interpreted as a no-tow lap or four-lap average.,1,00:38.5454
2020,Marcus Ericsson,marcus ericsson,8,231.763,GENERAL_FAST_FRIDAY_BEST_SPEED,1,VERY_HIGH,OFFICIAL_RESULTS_PDF,https://www.imscdn.com/INDYCAR/Documents/5767/2020-08-14/indycar-results-p3.pdf,r4/evidence/fast_friday/r4f6j/2020_fast_friday_practice3_results.pdf,PDFTOTEXT_CROSSCHECK_OFFICIAL_SESSION_API,CORE_DEVELOPMENT,Official session fastest-lap result; not interpreted as a no-tow lap or four-lap average.,10,00:38.8327
2020,Max Chilton,max chilton,59,227.61,GENERAL_FAST_FRIDAY_BEST_SPEED,1,VERY_HIGH,OFFICIAL_RESULTS_PDF,https://www.imscdn.com/INDYCAR/Documents/5767/2020-08-14/indycar-results-p3.pdf,r4/evidence/fast_friday/r4f6j/2020_fast_friday_practice3_results.pdf,PDFTOTEXT_CROSSCHECK_OFFICIAL_SESSION_API,CORE_DEVELOPMENT,Official session fastest-lap result; not interpreted as a no-tow lap or four-lap average.,32,00:39.5413
2020,Oliver Askew,oliver askew,7,230.507,GENERAL_FAST_FRIDAY_BEST_SPEED,1,VERY_HIGH,OFFICIAL_RESULTS_PDF,https://www.imscdn.com/INDYCAR/Documents/5767/2020-08-14/indycar-results-p3.pdf,r4/evidence/fast_friday/r4f6j/2020_fast_friday_practice3_results.pdf,PDFTOTEXT_CROSSCHECK_OFFICIAL_SESSION_API,CORE_DEVELOPMENT,Official session fastest-lap result; not interpreted as a no-tow lap or four-lap average.,19,00:39.0443
2020,Pato O'Ward,pato o ward,5,230.581,GENERAL_FAST_FRIDAY_BEST_SPEED,1,VERY_HIGH,OFFICIAL_RESULTS_PDF,https://www.imscdn.com/INDYCAR/Documents/5767/2020-08-14/indycar-results-p3.pdf,r4/evidence/fast_friday/r4f6j/2020_fast_friday_practice3_results.pdf,PDFTOTEXT_CROSSCHECK_OFFICIAL_SESSION_API,CORE_DEVELOPMENT,Official session fastest-lap result; not interpreted as a no-tow lap or four-lap average.,18,00:39.0318
2020,Rinus VeeKay,rinus veekay,21,230.331,GENERAL_FAST_FRIDAY_BEST_SPEED,1,VERY_HIGH,OFFICIAL_RESULTS_PDF,https://www.imscdn.com/INDYCAR/Documents/5767/2020-08-14/indycar-results-p3.pdf,r4/evidence/fast_friday/r4f6j/2020_fast_friday_practice3_results.pdf,PDFTOTEXT_CROSSCHECK_OFFICIAL_SESSION_API,CORE_DEVELOPMENT,Official session fastest-lap result; not interpreted as a no-tow lap or four-lap average.,21,00:39.0742
2020,Ryan Hunter-Reay,ryan hunter reay,28,232.124,NO_TOW_SINGLE_LAP,2,VERY_HIGH,OFFICIAL_EDITORIAL_HTML,https://www.indycar.com/news/2020/08/08-14-Fast-Friday-Recap,r4/evidence/fast_friday/r4f6j/2020_fast_friday_official_editorial.html,EXPLICIT_VERIFIED_STATEMENT,CORE_DEVELOPMENT,Official editorial explicitly calls 232.124 mph the best lap of the day without an aerodynamic tow.,,
2020,Sage Karam,sage karam,24,228.187,GENERAL_FAST_FRIDAY_BEST_SPEED,1,VERY_HIGH,OFFICIAL_RESULTS_PDF,https://www.imscdn.com/INDYCAR/Documents/5767/2020-08-14/indycar-results-p3.pdf,r4/evidence/fast_friday/r4f6j/2020_fast_friday_practice3_results.pdf,PDFTOTEXT_CROSSCHECK_OFFICIAL_SESSION_API,CORE_DEVELOPMENT,Official session fastest-lap result; not interpreted as a no-tow lap or four-lap average.,31,00:39.4413
2020,Santino Ferrucci,santino ferrucci,18,230.154,GENERAL_FAST_FRIDAY_BEST_SPEED,1,VERY_HIGH,OFFICIAL_RESULTS_PDF,https://www.imscdn.com/INDYCAR/Documents/5767/2020-08-14/indycar-results-p3.pdf,r4/evidence/fast_friday/r4f6j/2020_fast_friday_practice3_results.pdf,PDFTOTEXT_CROSSCHECK_OFFICIAL_SESSION_API,CORE_DEVELOPMENT,Official session fastest-lap result; not interpreted as a no-tow lap or four-lap average.,23,00:39.1043
2020,Scott Dixon,scott dixon,9,232.29,GENERAL_FAST_FRIDAY_BEST_SPEED,1,VERY_HIGH,OFFICIAL_RESULTS_PDF,https://www.imscdn.com/INDYCAR/Documents/5767/2020-08-14/indycar-results-p3.pdf,r4/evidence/fast_friday/r4f6j/2020_fast_friday_practice3_results.pdf,PDFTOTEXT_CROSSCHECK_OFFICIAL_SESSION_API,CORE_DEVELOPMENT,Official session fastest-lap result; not interpreted as a no-tow lap or four-lap average.,3,00:38.7446
2020,Simon Pagenaud,simon pagenaud,22,230.189,GENERAL_FAST_FRIDAY_BEST_SPEED,1,VERY_HIGH,OFFICIAL_RESULTS_PDF,https://www.imscdn.com/INDYCAR/Documents/5767/2020-08-14/indycar-results-p3.pdf,r4/evidence/fast_friday/r4f6j/2020_fast_friday_practice3_results.pdf,PDFTOTEXT_CROSSCHECK_OFFICIAL_SESSION_API,CORE_DEVELOPMENT,Official session fastest-lap result; not interpreted as a no-tow lap or four-lap average.,22,00:39.0983
2020,Spencer Pigot,spencer pigot,45,232.116,GENERAL_FAST_FRIDAY_BEST_SPEED,1,VERY_HIGH,OFFICIAL_RESULTS_PDF,https://www.imscdn.com/INDYCAR/Documents/5767/2020-08-14/indycar-results-p3.pdf,r4/evidence/fast_friday/r4f6j/2020_fast_friday_practice3_results.pdf,PDFTOTEXT_CROSSCHECK_OFFICIAL_SESSION_API,CORE_DEVELOPMENT,Official session fastest-lap result; not interpreted as a no-tow lap or four-lap average.,5,00:38.7737
2020,Takuma Sato,takuma sato,30,231.88,GENERAL_FAST_FRIDAY_BEST_SPEED,1,VERY_HIGH,OFFICIAL_RESULTS_PDF,https://www.imscdn.com/INDYCAR/Documents/5767/2020-08-14/indycar-results-p3.pdf,r4/evidence/fast_friday/r4f6j/2020_fast_friday_practice3_results.pdf,PDFTOTEXT_CROSSCHECK_OFFICIAL_SESSION_API,CORE_DEVELOPMENT,Official session fastest-lap result; not interpreted as a no-tow lap or four-lap average.,8,00:38.8132
2020,Tony Kanaan,tony kanaan,14,229.946,GENERAL_FAST_FRIDAY_BEST_SPEED,1,VERY_HIGH,OFFICIAL_RESULTS_PDF,https://www.imscdn.com/INDYCAR/Documents/5767/2020-08-14/indycar-results-p3.pdf,r4/evidence/fast_friday/r4f6j/2020_fast_friday_practice3_results.pdf,PDFTOTEXT_CROSSCHECK_OFFICIAL_SESSION_API,CORE_DEVELOPMENT,Official session fastest-lap result; not interpreted as a no-tow lap or four-lap average.,24,00:39.1396
2020,Will Power,will power,12,231.605,GENERAL_FAST_FRIDAY_BEST_SPEED,1,VERY_HIGH,OFFICIAL_RESULTS_PDF,https://www.imscdn.com/INDYCAR/Documents/5767/2020-08-14/indycar-results-p3.pdf,r4/evidence/fast_friday/r4f6j/2020_fast_friday_practice3_results.pdf,PDFTOTEXT_CROSSCHECK_OFFICIAL_SESSION_API,CORE_DEVELOPMENT,Official session fastest-lap result; not interpreted as a no-tow lap or four-lap average.,11,00:38.8592
2020,Zach Veach,zach veach,26,231.19,GENERAL_FAST_FRIDAY_BEST_SPEED,1,VERY_HIGH,OFFICIAL_RESULTS_PDF,https://www.imscdn.com/INDYCAR/Documents/5767/2020-08-14/indycar-results-p3.pdf,r4/evidence/fast_friday/r4f6j/2020_fast_friday_practice3_results.pdf,PDFTOTEXT_CROSSCHECK_OFFICIAL_SESSION_API,CORE_DEVELOPMENT,Official session fastest-lap result; not interpreted as a no-tow lap or four-lap average.,15,00:38.9290
2021,Alex Palou,alex palou,10,232.155,GENERAL_FAST_FRIDAY_BEST_SPEED,1,HIGH,OFFICIAL_TIMING_PDF_ARCHIVE,https://indycaraldia.com/wp-content/uploads/2021/05/indycar-results-p5.pdf,r4/evidence/fast_friday/2021_fast_friday_practice5_results_r4f6k.pdf,PDFTOTEXT,CORE_DEVELOPMENT,2021 Indianapolis 500 Practice 5 Fast Friday full-field best-speed result.,5,00:38.7672
2021,Alexander Rossi,alexander rossi,27,231.598,NO_TOW_SINGLE_LAP,2,VERY_HIGH,OFFICIAL_EDITORIAL_HTML,https://www.indycar.com/News/2021/05/05-21-Practice,r4/evidence/fast_friday/2021_fast_friday_official_editorial.html,EXPLICIT_VERIFIED_STATEMENT,CORE_DEVELOPMENT,Official Fast Friday recap explicitly identifies driver's no-tow speed.,,
2021,Charlie Kimball,charlie kimball,11,228.52,GENERAL_FAST_FRIDAY_BEST_SPEED,1,HIGH,OFFICIAL_TIMING_PDF_ARCHIVE,https://indycaraldia.com/wp-content/uploads/2021/05/indycar-results-p5.pdf,r4/evidence/fast_friday/2021_fast_friday_practice5_results_r4f6k.pdf,PDFTOTEXT,CORE_DEVELOPMENT,2021 Indianapolis 500 Practice 5 Fast Friday full-field best-speed result.,34,00:39.3839
2021,Colton Herta,colton herta,26,232.784,GENERAL_FAST_FRIDAY_BEST_SPEED,1,HIGH,OFFICIAL_TIMING_PDF_ARCHIVE,https://indycaraldia.com/wp-content/uploads/2021/05/indycar-results-p5.pdf,r4/evidence/fast_friday/2021_fast_friday_practice5_results_r4f6k.pdf,PDFTOTEXT,CORE_DEVELOPMENT,2021 Indianapolis 500 Practice 5 Fast Friday full-field best-speed result.,2,00:38.6624
2021,Conor Daly,conor daly,47,230.627,GENERAL_FAST_FRIDAY_BEST_SPEED,1,HIGH,OFFICIAL_TIMING_PDF_ARCHIVE,https://indycaraldia.com/wp-content/uploads/2021/05/indycar-results-p5.pdf,r4/evidence/fast_friday/2021_fast_friday_practice5_results_r4f6k.pdf,PDFTOTEXT,CORE_DEVELOPMENT,2021 Indianapolis 500 Practice 5 Fast Friday full-field best-speed result.,19,00:39.0241
2021,Dalton Kellett,dalton kellett,4,230.197,GENERAL_FAST_FRIDAY_BEST_SPEED,1,HIGH,OFFICIAL_TIMING_PDF_ARCHIVE,https://indycaraldia.com/wp-content/uploads/2021/05/indycar-results-p5.pdf,r4/evidence/fast_friday/2021_fast_friday_practice5_results_r4f6k.pdf,PDFTOTEXT,CORE_DEVELOPMENT,2021 Indianapolis 500 Practice 5 Fast Friday full-field best-speed result.,27,00:39.0970
2021,Ed Carpenter,ed carpenter,20,230.901,GENERAL_FAST_FRIDAY_BEST_SPEED,1,HIGH,OFFICIAL_TIMING_PDF_ARCHIVE,https://indycaraldia.com/wp-content/uploads/2021/05/indycar-results-p5.pdf,r4/evidence/fast_friday/2021_fast_friday_practice5_results_r4f6k.pdf,PDFTOTEXT,CORE_DEVELOPMENT,2021 Indianapolis 500 Practice 5 Fast Friday full-field best-speed result.,15,00:38.9777
2021,Ed Jones,ed jones,18,231.569,GENERAL_FAST_FRIDAY_BEST_SPEED,1,HIGH,OFFICIAL_TIMING_PDF_ARCHIVE,https://indycaraldia.com/wp-content/uploads/2021/05/indycar-results-p5.pdf,r4/evidence/fast_friday/2021_fast_friday_practice5_results_r4f6k.pdf,PDFTOTEXT,CORE_DEVELOPMENT,2021 Indianapolis 500 Practice 5 Fast Friday full-field best-speed result.,9,00:38.8653
2021,Felix Rosenqvist,felix rosenqvist,7,230.587,GENERAL_FAST_FRIDAY_BEST_SPEED,1,HIGH,OFFICIAL_TIMING_PDF_ARCHIVE,https://indycaraldia.com/wp-content/uploads/2021/05/indycar-results-p5.pdf,r4/evidence/fast_friday/2021_fast_friday_practice5_results_r4f6k.pdf,PDFTOTEXT,CORE_DEVELOPMENT,2021 Indianapolis 500 Practice 5 Fast Friday full-field best-speed result.,20,00:39.0308
2021,Graham Rahal,graham rahal,15,231.518,NO_TOW_SINGLE_LAP,2,VERY_HIGH,OFFICIAL_EDITORIAL_HTML,https://www.indycar.com/News/2021/05/05-21-Practice,r4/evidence/fast_friday/2021_fast_friday_official_editorial.html,EXPLICIT_VERIFIED_STATEMENT,CORE_DEVELOPMENT,Official Fast Friday recap explicitly identifies driver's no-tow speed.,,
2021,Helio Castroneves,helio castroneves,06,230.512,GENERAL_FAST_FRIDAY_BEST_SPEED,1,HIGH,OFFICIAL_TIMING_PDF_ARCHIVE,https://indycaraldia.com/wp-content/uploads/2021/05/indycar-results-p5.pdf,r4/evidence/fast_friday/2021_fast_friday_practice5_results_r4f6k.pdf,PDFTOTEXT,CORE_DEVELOPMENT,2021 Indianapolis 500 Practice 5 Fast Friday full-field best-speed result.,21,00:39.0435
2021,Jack Harvey,jack harvey,60,230.84,GENERAL_FAST_FRIDAY_BEST_SPEED,1,HIGH,OFFICIAL_TIMING_PDF_ARCHIVE,https://indycaraldia.com/wp-content/uploads/2021/05/indycar-results-p5.pdf,r4/evidence/fast_friday/2021_fast_friday_practice5_results_r4f6k.pdf,PDFTOTEXT,CORE_DEVELOPMENT,2021 Indianapolis 500 Practice 5 Fast Friday full-field best-speed result.,16,00:38.9880
2021,James Hinchcliffe,james hinchcliffe,29,230.817,GENERAL_FAST_FRIDAY_BEST_SPEED,1,HIGH,OFFICIAL_TIMING_PDF_ARCHIVE,https://indycaraldia.com/wp-content/uploads/2021/05/indycar-results-p5.pdf,r4/evidence/fast_friday/2021_fast_friday_practice5_results_r4f6k.pdf,PDFTOTEXT,CORE_DEVELOPMENT,2021 Indianapolis 500 Practice 5 Fast Friday full-field best-speed result.,17,00:38.9919
2021,Josef Newgarden,josef newgarden,2,230.479,GENERAL_FAST_FRIDAY_BEST_SPEED,1,HIGH,OFFICIAL_TIMING_PDF_ARCHIVE,https://indycaraldia.com/wp-content/uploads/2021/05/indycar-results-p5.pdf,r4/evidence/fast_friday/2021_fast_friday_practice5_results_r4f6k.pdf,PDFTOTEXT,CORE_DEVELOPMENT,2021 Indianapolis 500 Practice 5 Fast Friday full-field best-speed result.,22,00:39.0491
2021,JR Hildebrand,jr hildebrand,1,229.973,GENERAL_FAST_FRIDAY_BEST_SPEED,1,HIGH,OFFICIAL_TIMING_PDF_ARCHIVE,https://indycaraldia.com/wp-content/uploads/2021/05/indycar-results-p5.pdf,r4/evidence/fast_friday/2021_fast_friday_practice5_results_r4f6k.pdf,PDFTOTEXT,CORE_DEVELOPMENT,2021 Indianapolis 500 Practice 5 Fast Friday full-field best-speed result.,28,00:39.1351
2021,Juan Pablo Montoya,juan pablo montoya,86,230.366,GENERAL_FAST_FRIDAY_BEST_SPEED,1,HIGH,OFFICIAL_TIMING_PDF_ARCHIVE,https://indycaraldia.com/wp-content/uploads/2021/05/indycar-results-p5.pdf,r4/evidence/fast_friday/2021_fast_friday_practice5_results_r4f6k.pdf,PDFTOTEXT,CORE_DEVELOPMENT,2021 Indianapolis 500 Practice 5 Fast Friday full-field best-speed result.,25,00:39.0683
2021,Marco Andretti,marco andretti,98,230.335,GENERAL_FAST_FRIDAY_BEST_SPEED,1,HIGH,OFFICIAL_TIMING_PDF_ARCHIVE,https://indycaraldia.com/wp-content/uploads/2021/05/indycar-results-p5.pdf,r4/evidence/fast_friday/2021_fast_friday_practice5_results_r4f6k.pdf,PDFTOTEXT,CORE_DEVELOPMENT,2021 Indianapolis 500 Practice 5 Fast Friday full-field best-speed result.,26,00:39.0735
2021,Marcus Ericsson,marcus ericsson,8,232.531,GENERAL_FAST_FRIDAY_BEST_SPEED,1,HIGH,OFFICIAL_TIMING_PDF_ARCHIVE,https://indycaraldia.com/wp-content/uploads/2021/05/indycar-results-p5.pdf,r4/evidence/fast_friday/2021_fast_friday_practice5_results_r4f6k.pdf,PDFTOTEXT,CORE_DEVELOPMENT,2021 Indianapolis 500 Practice 5 Fast Friday full-field best-speed result.,4,00:38.7045
2021,Max Chilton,max chilton,59,230.473,GENERAL_FAST_FRIDAY_BEST_SPEED,1,HIGH,OFFICIAL_TIMING_PDF_ARCHIVE,https://indycaraldia.com/wp-content/uploads/2021/05/indycar-results-p5.pdf,r4/evidence/fast_friday/2021_fast_friday_practice5_results_r4f6k.pdf,PDFTOTEXT,CORE_DEVELOPMENT,2021 Indianapolis 500 Practice 5 Fast Friday full-field best-speed result.,23,00:39.0501
2021,Pato O'Ward,pato o ward,5,231.51,NO_TOW_SINGLE_LAP,2,VERY_HIGH,OFFICIAL_EDITORIAL_HTML,https://www.indycar.com/News/2021/05/05-21-Practice,r4/evidence/fast_friday/2021_fast_friday_official_editorial.html,EXPLICIT_VERIFIED_STATEMENT,CORE_DEVELOPMENT,Official Fast Friday recap explicitly identifies driver's no-tow speed.,,
2021,Pietro Fittipaldi,pietro fittipaldi,51,230.666,GENERAL_FAST_FRIDAY_BEST_SPEED,1,HIGH,OFFICIAL_TIMING_PDF_ARCHIVE,https://indycaraldia.com/wp-content/uploads/2021/05/indycar-results-p5.pdf,r4/evidence/fast_friday/2021_fast_friday_practice5_results_r4f6k.pdf,PDFTOTEXT,CORE_DEVELOPMENT,2021 Indianapolis 500 Practice 5 Fast Friday full-field best-speed result.,18,00:39.0174
2021,RC Enerson,rc enerson,75,226.055,GENERAL_FAST_FRIDAY_BEST_SPEED,1,HIGH,OFFICIAL_TIMING_PDF_ARCHIVE,https://indycaraldia.com/wp-content/uploads/2021/05/indycar-results-p5.pdf,r4/evidence/fast_friday/2021_fast_friday_practice5_results_r4f6k.pdf,PDFTOTEXT,CORE_DEVELOPMENT,2021 Indianapolis 500 Practice 5 Fast Friday full-field best-speed result.,35,00:39.8134
2021,Rinus VeeKay,rinus veekay,21,231.325,GENERAL_FAST_FRIDAY_BEST_SPEED,1,HIGH,OFFICIAL_TIMING_PDF_ARCHIVE,https://indycaraldia.com/wp-content/uploads/2021/05/indycar-results-p5.pdf,r4/evidence/fast_friday/2021_fast_friday_practice5_results_r4f6k.pdf,PDFTOTEXT,CORE_DEVELOPMENT,2021 Indianapolis 500 Practice 5 Fast Friday full-field best-speed result.,12,00:38.9063
2021,Ryan Hunter-Reay,ryan hunter reay,28,231.539,GENERAL_FAST_FRIDAY_BEST_SPEED,1,HIGH,OFFICIAL_TIMING_PDF_ARCHIVE,https://indycaraldia.com/wp-content/uploads/2021/05/indycar-results-p5.pdf,r4/evidence/fast_friday/2021_fast_friday_practice5_results_r4f6k.pdf,PDFTOTEXT,CORE_DEVELOPMENT,2021 Indianapolis 500 Practice 5 Fast Friday full-field best-speed result.,10,00:38.8703
2021,Sage Karam,sage karam,24,229.536,GENERAL_FAST_FRIDAY_BEST_SPEED,1,HIGH,OFFICIAL_TIMING_PDF_ARCHIVE,https://indycaraldia.com/wp-content/uploads/2021/05/indycar-results-p5.pdf,r4/evidence/fast_friday/2021_fast_friday_practice5_results_r4f6k.pdf,PDFTOTEXT,CORE_DEVELOPMENT,2021 Indianapolis 500 Practice 5 Fast Friday full-field best-speed result.,31,00:39.2095
2021,Santino Ferrucci,santino ferrucci,45,230.924,GENERAL_FAST_FRIDAY_BEST_SPEED,1,HIGH,OFFICIAL_TIMING_PDF_ARCHIVE,https://indycaraldia.com/wp-content/uploads/2021/05/indycar-results-p5.pdf,r4/evidence/fast_friday/2021_fast_friday_practice5_results_r4f6k.pdf,PDFTOTEXT,CORE_DEVELOPMENT,2021 Indianapolis 500 Practice 5 Fast Friday full-field best-speed result.,14,00:38.9739
2021,Scott Dixon,scott dixon,9,233.302,GENERAL_FAST_FRIDAY_BEST_SPEED,1,HIGH,OFFICIAL_TIMING_PDF_ARCHIVE,https://indycaraldia.com/wp-content/uploads/2021/05/indycar-results-p5.pdf,r4/evidence/fast_friday/2021_fast_friday_practice5_results_r4f6k.pdf,PDFTOTEXT,CORE_DEVELOPMENT,2021 Indianapolis 500 Practice 5 Fast Friday full-field best-speed result.,1,00:38.5766
2021,Scott McLaughlin,scott mclaughlin,3,230.415,GENERAL_FAST_FRIDAY_BEST_SPEED,1,HIGH,OFFICIAL_TIMING_PDF_ARCHIVE,https://indycaraldia.com/wp-content/uploads/2021/05/indycar-results-p5.pdf,r4/evidence/fast_friday/2021_fast_friday_practice5_results_r4f6k.pdf,PDFTOTEXT,CORE_DEVELOPMENT,2021 Indianapolis 500 Practice 5 Fast Friday full-field best-speed result.,24,00:39.0600
2021,Sebastien Bourdais,sebastien bourdais,14,229.426,GENERAL_FAST_FRIDAY_BEST_SPEED,1,HIGH,OFFICIAL_TIMING_PDF_ARCHIVE,https://indycaraldia.com/wp-content/uploads/2021/05/indycar-results-p5.pdf,r4/evidence/fast_friday/2021_fast_friday_practice5_results_r4f6k.pdf,PDFTOTEXT,CORE_DEVELOPMENT,2021 Indianapolis 500 Practice 5 Fast Friday full-field best-speed result.,33,00:39.2284
2021,Simon Pagenaud,simon pagenaud,22,229.792,GENERAL_FAST_FRIDAY_BEST_SPEED,1,HIGH,OFFICIAL_TIMING_PDF_ARCHIVE,https://indycaraldia.com/wp-content/uploads/2021/05/indycar-results-p5.pdf,r4/evidence/fast_friday/2021_fast_friday_practice5_results_r4f6k.pdf,PDFTOTEXT,CORE_DEVELOPMENT,2021 Indianapolis 500 Practice 5 Fast Friday full-field best-speed result.,30,00:39.1658
2021,Simona De Silvestro,simona de silvestro,16,229.477,GENERAL_FAST_FRIDAY_BEST_SPEED,1,HIGH,OFFICIAL_TIMING_PDF_ARCHIVE,https://indycaraldia.com/wp-content/uploads/2021/05/indycar-results-p5.pdf,r4/evidence/fast_friday/2021_fast_friday_practice5_results_r4f6k.pdf,PDFTOTEXT,CORE_DEVELOPMENT,2021 Indianapolis 500 Practice 5 Fast Friday full-field best-speed result.,32,00:39.2197
2021,Stefan Wilson,stefan wilson,25,230.977,GENERAL_FAST_FRIDAY_BEST_SPEED,1,HIGH,OFFICIAL_TIMING_PDF_ARCHIVE,https://indycaraldia.com/wp-content/uploads/2021/05/indycar-results-p5.pdf,r4/evidence/fast_friday/2021_fast_friday_practice5_results_r4f6k.pdf,PDFTOTEXT,CORE_DEVELOPMENT,2021 Indianapolis 500 Practice 5 Fast Friday full-field best-speed result.,13,00:38.9650
2021,Takuma Sato,takuma sato,30,231.598,GENERAL_FAST_FRIDAY_BEST_SPEED,1,HIGH,OFFICIAL_TIMING_PDF_ARCHIVE,https://indycaraldia.com/wp-content/uploads/2021/05/indycar-results-p5.pdf,r4/evidence/fast_friday/2021_fast_friday_practice5_results_r4f6k.pdf,PDFTOTEXT,CORE_DEVELOPMENT,2021 Indianapolis 500 Practice 5 Fast Friday full-field best-speed result.,8,00:38.8604
2021,Tony Kanaan,tony kanaan,48,232.69,GENERAL_FAST_FRIDAY_BEST_SPEED,1,HIGH,OFFICIAL_TIMING_PDF_ARCHIVE,https://indycaraldia.com/wp-content/uploads/2021/05/indycar-results-p5.pdf,r4/evidence/fast_friday/2021_fast_friday_practice5_results_r4f6k.pdf,PDFTOTEXT,CORE_DEVELOPMENT,2021 Indianapolis 500 Practice 5 Fast Friday full-field best-speed result.,3,00:38.6781
2021,Will Power,will power,12,229.847,GENERAL_FAST_FRIDAY_BEST_SPEED,1,HIGH,OFFICIAL_TIMING_PDF_ARCHIVE,https://indycaraldia.com/wp-content/uploads/2021/05/indycar-results-p5.pdf,r4/evidence/fast_friday/2021_fast_friday_practice5_results_r4f6k.pdf,PDFTOTEXT,CORE_DEVELOPMENT,2021 Indianapolis 500 Practice 5 Fast Friday full-field best-speed result.,29,00:39.1564
2022,Alex Palou,alex palou,10,231.085,GENERAL_FAST_FRIDAY_BEST_SPEED,1,VERY_HIGH,OFFICIAL_RESULTS_PDF,https://www.imscdn.com/INDYCAR/Documents/6031/2022-05-20/indycar-results-p5.pdf,r4/evidence/fast_friday/r4f6j/2022_fast_friday_practice5_results.pdf,PDFTOTEXT_CROSSCHECK_OFFICIAL_SESSION_API,DEGRADED_CHRONOLOGY_VALIDATION,Official session fastest-lap result; not interpreted as a no-tow lap or four-lap average.,12,00:38.9467
2022,Alexander Rossi,alexander rossi,27,231.883,GENERAL_FAST_FRIDAY_BEST_SPEED,1,VERY_HIGH,OFFICIAL_RESULTS_PDF,https://www.imscdn.com/INDYCAR/Documents/6031/2022-05-20/indycar-results-p5.pdf,r4/evidence/fast_friday/r4f6j/2022_fast_friday_practice5_results.pdf,PDFTOTEXT_CROSSCHECK_OFFICIAL_SESSION_API,DEGRADED_CHRONOLOGY_VALIDATION,Official session fastest-lap result; not interpreted as a no-tow lap or four-lap average.,2,00:38.8127
2022,Callum Ilott,callum ilott,77,230.147,GENERAL_FAST_FRIDAY_BEST_SPEED,1,VERY_HIGH,OFFICIAL_RESULTS_PDF,https://www.imscdn.com/INDYCAR/Documents/6031/2022-05-20/indycar-results-p5.pdf,r4/evidence/fast_friday/r4f6j/2022_fast_friday_practice5_results.pdf,PDFTOTEXT_CROSSCHECK_OFFICIAL_SESSION_API,DEGRADED_CHRONOLOGY_VALIDATION,Official session fastest-lap result; not interpreted as a no-tow lap or four-lap average.,16,00:39.1054
2022,Christian Lundgaard,christian lundgaard,30,225.883,GENERAL_FAST_FRIDAY_BEST_SPEED,1,VERY_HIGH,OFFICIAL_RESULTS_PDF,https://www.imscdn.com/INDYCAR/Documents/6031/2022-05-20/indycar-results-p5.pdf,r4/evidence/fast_friday/r4f6j/2022_fast_friday_practice5_results.pdf,PDFTOTEXT_CROSSCHECK_OFFICIAL_SESSION_API,DEGRADED_CHRONOLOGY_VALIDATION,Official session fastest-lap result; not interpreted as a no-tow lap or four-lap average.,30,00:39.8437
2022,Colton Herta,colton herta,26,220.64,GENERAL_FAST_FRIDAY_BEST_SPEED,1,VERY_HIGH,OFFICIAL_RESULTS_PDF,https://www.imscdn.com/INDYCAR/Documents/6031/2022-05-20/indycar-results-p5.pdf,r4/evidence/fast_friday/r4f6j/2022_fast_friday_practice5_results.pdf,PDFTOTEXT_CROSSCHECK_OFFICIAL_SESSION_API,DEGRADED_CHRONOLOGY_VALIDATION,Official session fastest-lap result; not interpreted as a no-tow lap or four-lap average.,33,00:40.7904
2022,Conor Daly,conor daly,20,230.589,GENERAL_FAST_FRIDAY_BEST_SPEED,1,VERY_HIGH,OFFICIAL_RESULTS_PDF,https://www.imscdn.com/INDYCAR/Documents/6031/2022-05-20/indycar-results-p5.pdf,r4/evidence/fast_friday/r4f6j/2022_fast_friday_practice5_results.pdf,PDFTOTEXT_CROSSCHECK_OFFICIAL_SESSION_API,DEGRADED_CHRONOLOGY_VALIDATION,Official session fastest-lap result; not interpreted as a no-tow lap or four-lap average.,14,00:39.0304
2022,Dalton Kellett,dalton kellett,4,227.157,GENERAL_FAST_FRIDAY_BEST_SPEED,1,VERY_HIGH,OFFICIAL_RESULTS_PDF,https://www.imscdn.com/INDYCAR/Documents/6031/2022-05-20/indycar-results-p5.pdf,r4/evidence/fast_friday/r4f6j/2022_fast_friday_practice5_results.pdf,PDFTOTEXT_CROSSCHECK_OFFICIAL_SESSION_API,DEGRADED_CHRONOLOGY_VALIDATION,Official session fastest-lap result; not interpreted as a no-tow lap or four-lap average.,23,00:39.6201
2022,David Malukas,david malukas,18,230.287,FOUR_LAP_QUALIFYING_SIM,3,VERY_HIGH,OFFICIAL_EDITORIAL_HTML,https://www.indycar.com/news/2022/05/05-20-practice,r4/evidence/fast_friday/r4f6j/2022_fast_friday_official_editorial.html,EXPLICIT_VERIFIED_STATEMENT,DEGRADED_CHRONOLOGY_VALIDATION,Official editorial explicitly reports 230.287 mph on the qualifying-simulation chart.,,
2022,Devlin DeFrancesco,devlin defrancesco,29,226.697,GENERAL_FAST_FRIDAY_BEST_SPEED,1,VERY_HIGH,OFFICIAL_RESULTS_PDF,https://www.imscdn.com/INDYCAR/Documents/6031/2022-05-20/indycar-results-p5.pdf,r4/evidence/fast_friday/r4f6j/2022_fast_friday_practice5_results.pdf,PDFTOTEXT_CROSSCHECK_OFFICIAL_SESSION_API,DEGRADED_CHRONOLOGY_VALIDATION,Official session fastest-lap result; not interpreted as a no-tow lap or four-lap average.,25,00:39.7006
2022,Ed Carpenter,ed carpenter,33,228.334,GENERAL_FAST_FRIDAY_BEST_SPEED,1,VERY_HIGH,OFFICIAL_RESULTS_PDF,https://www.imscdn.com/INDYCAR/Documents/6031/2022-05-20/indycar-results-p5.pdf,r4/evidence/fast_friday/r4f6j/2022_fast_friday_practice5_results.pdf,PDFTOTEXT_CROSSCHECK_OFFICIAL_SESSION_API,DEGRADED_CHRONOLOGY_VALIDATION,Official session fastest-lap result; not interpreted as a no-tow lap or four-lap average.,22,00:39.4160
2022,Felix Rosenqvist,felix rosenqvist,7,231.493,GENERAL_FAST_FRIDAY_BEST_SPEED,1,VERY_HIGH,OFFICIAL_RESULTS_PDF,https://www.imscdn.com/INDYCAR/Documents/6031/2022-05-20/indycar-results-p5.pdf,r4/evidence/fast_friday/r4f6j/2022_fast_friday_practice5_results.pdf,PDFTOTEXT_CROSSCHECK_OFFICIAL_SESSION_API,DEGRADED_CHRONOLOGY_VALIDATION,Official session fastest-lap result; not interpreted as a no-tow lap or four-lap average.,6,00:38.8781
2022,Graham Rahal,graham rahal,15,226.819,GENERAL_FAST_FRIDAY_BEST_SPEED,1,VERY_HIGH,OFFICIAL_RESULTS_PDF,https://www.imscdn.com/INDYCAR/Documents/6031/2022-05-20/indycar-results-p5.pdf,r4/evidence/fast_friday/r4f6j/2022_fast_friday_practice5_results.pdf,PDFTOTEXT_CROSSCHECK_OFFICIAL_SESSION_API,DEGRADED_CHRONOLOGY_VALIDATION,Official session fastest-lap result; not interpreted as a no-tow lap or four-lap average.,24,00:39.6792
2022,Helio Castroneves,helio castroneves,06,229.677,GENERAL_FAST_FRIDAY_BEST_SPEED,1,VERY_HIGH,OFFICIAL_RESULTS_PDF,https://www.imscdn.com/INDYCAR/Documents/6031/2022-05-20/indycar-results-p5.pdf,r4/evidence/fast_friday/r4f6j/2022_fast_friday_practice5_results.pdf,PDFTOTEXT_CROSSCHECK_OFFICIAL_SESSION_API,DEGRADED_CHRONOLOGY_VALIDATION,Official session fastest-lap result; not interpreted as a no-tow lap or four-lap average.,19,00:39.1854
2022,Jack Harvey,jack harvey,45,224.319,GENERAL_FAST_FRIDAY_BEST_SPEED,1,VERY_HIGH,OFFICIAL_RESULTS_PDF,https://www.imscdn.com/INDYCAR/Documents/6031/2022-05-20/indycar-results-p5.pdf,r4/evidence/fast_friday/r4f6j/2022_fast_friday_practice5_results.pdf,PDFTOTEXT_CROSSCHECK_OFFICIAL_SESSION_API,DEGRADED_CHRONOLOGY_VALIDATION,Official session fastest-lap result; not interpreted as a no-tow lap or four-lap average.,31,00:40.1215
2022,Jimmie Johnson,jimmie johnson,48,229.094,FOUR_LAP_QUALIFYING_SIM,3,VERY_HIGH,OFFICIAL_EDITORIAL_HTML,https://www.indycar.com/news/2022/05/05-20-practice,r4/evidence/fast_friday/r4f6j/2022_fast_friday_official_editorial.html,EXPLICIT_VERIFIED_STATEMENT,DEGRADED_CHRONOLOGY_VALIDATION,Official editorial explicitly reports a four-lap qualifying-simulation average of 229.094 mph.,,
2022,Josef Newgarden,josef newgarden,2,231.18,GENERAL_FAST_FRIDAY_BEST_SPEED,1,VERY_HIGH,OFFICIAL_RESULTS_PDF,https://www.imscdn.com/INDYCAR/Documents/6031/2022-05-20/indycar-results-p5.pdf,r4/evidence/fast_friday/r4f6j/2022_fast_friday_practice5_results.pdf,PDFTOTEXT_CROSSCHECK_OFFICIAL_SESSION_API,DEGRADED_CHRONOLOGY_VALIDATION,Official session fastest-lap result; not interpreted as a no-tow lap or four-lap average.,10,00:38.9307
2022,JR Hildebrand,jr hildebrand,11,226.198,GENERAL_FAST_FRIDAY_BEST_SPEED,1,VERY_HIGH,OFFICIAL_RESULTS_PDF,https://www.imscdn.com/INDYCAR/Documents/6031/2022-05-20/indycar-results-p5.pdf,r4/evidence/fast_friday/r4f6j/2022_fast_friday_practice5_results.pdf,PDFTOTEXT_CROSSCHECK_OFFICIAL_SESSION_API,DEGRADED_CHRONOLOGY_VALIDATION,Official session fastest-lap result; not interpreted as a no-tow lap or four-lap average.,28,00:39.7881
2022,Juan Pablo Montoya,juan pablo montoya,6,223.764,GENERAL_FAST_FRIDAY_BEST_SPEED,1,VERY_HIGH,OFFICIAL_RESULTS_PDF,https://www.imscdn.com/INDYCAR/Documents/6031/2022-05-20/indycar-results-p5.pdf,r4/evidence/fast_friday/r4f6j/2022_fast_friday_practice5_results.pdf,PDFTOTEXT_CROSSCHECK_OFFICIAL_SESSION_API,DEGRADED_CHRONOLOGY_VALIDATION,Official session fastest-lap result; not interpreted as a no-tow lap or four-lap average.,32,00:40.2210
2022,Kyle Kirkwood,kyle kirkwood,14,226.064,GENERAL_FAST_FRIDAY_BEST_SPEED,1,VERY_HIGH,OFFICIAL_RESULTS_PDF,https://www.imscdn.com/INDYCAR/Documents/6031/2022-05-20/indycar-results-p5.pdf,r4/evidence/fast_friday/r4f6j/2022_fast_friday_practice5_results.pdf,PDFTOTEXT_CROSSCHECK_OFFICIAL_SESSION_API,DEGRADED_CHRONOLOGY_VALIDATION,Official session fastest-lap result; not interpreted as a no-tow lap or four-lap average.,29,00:39.8117
2022,Marco Andretti,marco andretti,98,229.85,GENERAL_FAST_FRIDAY_BEST_SPEED,1,VERY_HIGH,OFFICIAL_RESULTS_PDF,https://www.imscdn.com/INDYCAR/Documents/6031/2022-05-20/indycar-results-p5.pdf,r4/evidence/fast_friday/r4f6j/2022_fast_friday_practice5_results.pdf,PDFTOTEXT_CROSSCHECK_OFFICIAL_SESSION_API,DEGRADED_CHRONOLOGY_VALIDATION,Official session fastest-lap result; not interpreted as a no-tow lap or four-lap average.,18,00:39.1560
2022,Marcus Ericsson,marcus ericsson,8,231.782,GENERAL_FAST_FRIDAY_BEST_SPEED,1,VERY_HIGH,OFFICIAL_RESULTS_PDF,https://www.imscdn.com/INDYCAR/Documents/6031/2022-05-20/indycar-results-p5.pdf,r4/evidence/fast_friday/r4f6j/2022_fast_friday_practice5_results.pdf,PDFTOTEXT_CROSSCHECK_OFFICIAL_SESSION_API,DEGRADED_CHRONOLOGY_VALIDATION,Official session fastest-lap result; not interpreted as a no-tow lap or four-lap average.,4,00:38.8296
2022,Pato O'Ward,pato o ward,5,230.111,FOUR_LAP_QUALIFYING_SIM,3,VERY_HIGH,OFFICIAL_EDITORIAL_HTML,https://www.indycar.com/news/2022/05/05-20-practice,r4/evidence/fast_friday/r4f6j/2022_fast_friday_official_editorial.html,EXPLICIT_VERIFIED_STATEMENT,DEGRADED_CHRONOLOGY_VALIDATION,Official editorial explicitly reports a four-lap qualifying-simulation average of 230.111 mph.,,
2022,Rinus VeeKay,rinus veekay,21,229.635,GENERAL_FAST_FRIDAY_BEST_SPEED,1,VERY_HIGH,OFFICIAL_RESULTS_PDF,https://www.imscdn.com/INDYCAR/Documents/6031/2022-05-20/indycar-results-p5.pdf,r4/evidence/fast_friday/r4f6j/2022_fast_friday_practice5_results.pdf,PDFTOTEXT_CROSSCHECK_OFFICIAL_SESSION_API,DEGRADED_CHRONOLOGY_VALIDATION,Official session fastest-lap result; not interpreted as a no-tow lap or four-lap average.,20,00:39.1926
2022,Romain Grosjean,romain grosjean,28,230.27,GENERAL_FAST_FRIDAY_BEST_SPEED,1,VERY_HIGH,OFFICIAL_RESULTS_PDF,https://www.imscdn.com/INDYCAR/Documents/6031/2022-05-20/indycar-results-p5.pdf,r4/evidence/fast_friday/r4f6j/2022_fast_friday_practice5_results.pdf,PDFTOTEXT_CROSSCHECK_OFFICIAL_SESSION_API,DEGRADED_CHRONOLOGY_VALIDATION,Official session fastest-lap result; not interpreted as a no-tow lap or four-lap average.,15,00:39.0846
2022,Sage Karam,sage karam,24,230.826,GENERAL_FAST_FRIDAY_BEST_SPEED,1,VERY_HIGH,OFFICIAL_RESULTS_PDF,https://www.imscdn.com/INDYCAR/Documents/6031/2022-05-20/indycar-results-p5.pdf,r4/evidence/fast_friday/r4f6j/2022_fast_friday_practice5_results.pdf,PDFTOTEXT_CROSSCHECK_OFFICIAL_SESSION_API,DEGRADED_CHRONOLOGY_VALIDATION,Official session fastest-lap result; not interpreted as a no-tow lap or four-lap average.,13,00:38.9904
2022,Santino Ferrucci,santino ferrucci,23,226.627,GENERAL_FAST_FRIDAY_BEST_SPEED,1,VERY_HIGH,OFFICIAL_RESULTS_PDF,https://www.imscdn.com/INDYCAR/Documents/6031/2022-05-20/indycar-results-p5.pdf,r4/evidence/fast_friday/r4f6j/2022_fast_friday_practice5_results.pdf,PDFTOTEXT_CROSSCHECK_OFFICIAL_SESSION_API,DEGRADED_CHRONOLOGY_VALIDATION,Official session fastest-lap result; not interpreted as a no-tow lap or four-lap average.,26,00:39.7129
2022,Scott Dixon,scott dixon,9,231.53,GENERAL_FAST_FRIDAY_BEST_SPEED,1,VERY_HIGH,OFFICIAL_RESULTS_PDF,https://www.imscdn.com/INDYCAR/Documents/6031/2022-05-20/indycar-results-p5.pdf,r4/evidence/fast_friday/r4f6j/2022_fast_friday_practice5_results.pdf,PDFTOTEXT_CROSSCHECK_OFFICIAL_SESSION_API,DEGRADED_CHRONOLOGY_VALIDATION,Official session fastest-lap result; not interpreted as a no-tow lap or four-lap average.,5,00:38.8718
2022,Scott McLaughlin,scott mclaughlin,3,231.206,GENERAL_FAST_FRIDAY_BEST_SPEED,1,VERY_HIGH,OFFICIAL_RESULTS_PDF,https://www.imscdn.com/INDYCAR/Documents/6031/2022-05-20/indycar-results-p5.pdf,r4/evidence/fast_friday/r4f6j/2022_fast_friday_practice5_results.pdf,PDFTOTEXT_CROSSCHECK_OFFICIAL_SESSION_API,DEGRADED_CHRONOLOGY_VALIDATION,Official session fastest-lap result; not interpreted as a no-tow lap or four-lap average.,9,00:38.9263
2022,Simon Pagenaud,simon pagenaud,60,229.184,GENERAL_FAST_FRIDAY_BEST_SPEED,1,VERY_HIGH,OFFICIAL_RESULTS_PDF,https://www.imscdn.com/INDYCAR/Documents/6031/2022-05-20/indycar-results-p5.pdf,r4/evidence/fast_friday/r4f6j/2022_fast_friday_practice5_results.pdf,PDFTOTEXT_CROSSCHECK_OFFICIAL_SESSION_API,DEGRADED_CHRONOLOGY_VALIDATION,Official session fastest-lap result; not interpreted as a no-tow lap or four-lap average.,21,00:39.2698
2022,Stefan Wilson,stefan wilson,25,226.233,GENERAL_FAST_FRIDAY_BEST_SPEED,1,VERY_HIGH,OFFICIAL_RESULTS_PDF,https://www.imscdn.com/INDYCAR/Documents/6031/2022-05-20/indycar-results-p5.pdf,r4/evidence/fast_friday/r4f6j/2022_fast_friday_practice5_results.pdf,PDFTOTEXT_CROSSCHECK_OFFICIAL_SESSION_API,DEGRADED_CHRONOLOGY_VALIDATION,Official session fastest-lap result; not interpreted as a no-tow lap or four-lap average.,27,00:39.7820
2022,Takuma Sato,takuma sato,51,229.68,FOUR_LAP_QUALIFYING_SIM,3,VERY_HIGH,OFFICIAL_EDITORIAL_HTML,https://www.indycar.com/news/2022/05/05-20-practice,r4/evidence/fast_friday/r4f6j/2022_fast_friday_official_editorial.html,EXPLICIT_VERIFIED_STATEMENT,DEGRADED_CHRONOLOGY_VALIDATION,Official editorial explicitly reports 229.680 mph on the qualifying-simulation chart.,,
2022,Tony Kanaan,tony kanaan,1,230.517,FOUR_LAP_QUALIFYING_SIM,3,VERY_HIGH,OFFICIAL_EDITORIAL_HTML,https://www.indycar.com/news/2022/05/05-20-practice,r4/evidence/fast_friday/r4f6j/2022_fast_friday_official_editorial.html,EXPLICIT_VERIFIED_STATEMENT,DEGRADED_CHRONOLOGY_VALIDATION,Official editorial explicitly reports a four-lap qualifying-simulation average of 230.517 mph.,,
2022,Will Power,will power,12,231.146,GENERAL_FAST_FRIDAY_BEST_SPEED,1,VERY_HIGH,OFFICIAL_RESULTS_PDF,https://www.imscdn.com/INDYCAR/Documents/6031/2022-05-20/indycar-results-p5.pdf,r4/evidence/fast_friday/r4f6j/2022_fast_friday_practice5_results.pdf,PDFTOTEXT_CROSSCHECK_OFFICIAL_SESSION_API,DEGRADED_CHRONOLOGY_VALIDATION,Official session fastest-lap result; not interpreted as a no-tow lap or four-lap average.,11,00:38.9364
2023,Agustin Canapino,agustin canapino,78,232.92,GENERAL_FAST_FRIDAY_BEST_SPEED,1,HIGH,OFFICIAL_RESULTS_PDF,,r4/evidence/fast_friday/2023_fast_friday_practice5_results.pdf,PDFTOTEXT,CORE_DEVELOPMENT,Deterministically parsed from official Fast Friday session result row.,20,00:38.6399
2023,Alex Palou,alex palou,10,233.268,GENERAL_FAST_FRIDAY_BEST_SPEED,1,HIGH,OFFICIAL_RESULTS_PDF,,r4/evidence/fast_friday/2023_fast_friday_practice5_results.pdf,PDFTOTEXT,CORE_DEVELOPMENT,Deterministically parsed from official Fast Friday session result row.,14,00:38.5822
2023,Alexander Rossi,alexander rossi,7,233.134,GENERAL_FAST_FRIDAY_BEST_SPEED,1,HIGH,OFFICIAL_RESULTS_PDF,,r4/evidence/fast_friday/2023_fast_friday_practice5_results.pdf,PDFTOTEXT,CORE_DEVELOPMENT,Deterministically parsed from official Fast Friday session result row.,16,00:38.6044
2023,Benjamin Pedersen,benjamin pedersen,55,233.197,GENERAL_FAST_FRIDAY_BEST_SPEED,1,HIGH,OFFICIAL_RESULTS_PDF,,r4/evidence/fast_friday/2023_fast_friday_practice5_results.pdf,PDFTOTEXT,CORE_DEVELOPMENT,Deterministically parsed from official Fast Friday session result row.,15,00:38.5939
2023,Callum Ilott,callum ilott,77,228.942,GENERAL_FAST_FRIDAY_BEST_SPEED,1,HIGH,OFFICIAL_RESULTS_PDF,,r4/evidence/fast_friday/2023_fast_friday_practice5_results.pdf,PDFTOTEXT,CORE_DEVELOPMENT,Deterministically parsed from official Fast Friday session result row.,34,00:39.3113
2023,Christian Lundgaard,christian lundgaard,45,231.153,GENERAL_FAST_FRIDAY_BEST_SPEED,1,HIGH,OFFICIAL_RESULTS_PDF,,r4/evidence/fast_friday/2023_fast_friday_practice5_results.pdf,PDFTOTEXT,CORE_DEVELOPMENT,Deterministically parsed from official Fast Friday session result row.,32,00:38.9353
2023,Colton Herta,colton herta,26,233.555,GENERAL_FAST_FRIDAY_BEST_SPEED,1,HIGH,OFFICIAL_RESULTS_PDF,,r4/evidence/fast_friday/2023_fast_friday_practice5_results.pdf,PDFTOTEXT,CORE_DEVELOPMENT,Deterministically parsed from official Fast Friday session result row.,9,00:38.5348
2023,Conor Daly,conor daly,20,232.987,GENERAL_FAST_FRIDAY_BEST_SPEED,1,HIGH,OFFICIAL_RESULTS_PDF,,r4/evidence/fast_friday/2023_fast_friday_practice5_results.pdf,PDFTOTEXT,CORE_DEVELOPMENT,Deterministically parsed from official Fast Friday session result row.,18,00:38.6288
2023,David Malukas,david malukas,18,232.366,GENERAL_FAST_FRIDAY_BEST_SPEED,1,HIGH,OFFICIAL_RESULTS_PDF,,r4/evidence/fast_friday/2023_fast_friday_practice5_results.pdf,PDFTOTEXT,CORE_DEVELOPMENT,Deterministically parsed from official Fast Friday session result row.,25,00:38.7320
2023,Devlin DeFrancesco,devlin defrancesco,29,232.323,GENERAL_FAST_FRIDAY_BEST_SPEED,1,HIGH,OFFICIAL_RESULTS_PDF,,r4/evidence/fast_friday/2023_fast_friday_practice5_results.pdf,PDFTOTEXT,CORE_DEVELOPMENT,Deterministically parsed from official Fast Friday session result row.,26,00:38.7391
2023,Ed Carpenter,ed carpenter,33,232.916,GENERAL_FAST_FRIDAY_BEST_SPEED,1,HIGH,OFFICIAL_RESULTS_PDF,,r4/evidence/fast_friday/2023_fast_friday_practice5_results.pdf,PDFTOTEXT,CORE_DEVELOPMENT,Deterministically parsed from official Fast Friday session result row.,21,00:38.6406
2023,Felix Rosenqvist,felix rosenqvist,6,233.458,GENERAL_FAST_FRIDAY_BEST_SPEED,1,HIGH,OFFICIAL_RESULTS_PDF,,r4/evidence/fast_friday/2023_fast_friday_practice5_results.pdf,PDFTOTEXT,CORE_DEVELOPMENT,Deterministically parsed from official Fast Friday session result row.,11,00:38.5509
2023,Graham Rahal,graham rahal,15,230.669,GENERAL_FAST_FRIDAY_BEST_SPEED,1,HIGH,OFFICIAL_RESULTS_PDF,,r4/evidence/fast_friday/2023_fast_friday_practice5_results.pdf,PDFTOTEXT,CORE_DEVELOPMENT,Deterministically parsed from official Fast Friday session result row.,33,00:39.0170
2023,Helio Castroneves,helio castroneves,06,232.138,GENERAL_FAST_FRIDAY_BEST_SPEED,1,HIGH,OFFICIAL_RESULTS_PDF,,r4/evidence/fast_friday/2023_fast_friday_practice5_results.pdf,PDFTOTEXT,CORE_DEVELOPMENT,Deterministically parsed from official Fast Friday session result row.,27,00:38.7701
2023,Jack Harvey,jack harvey,30,231.166,GENERAL_FAST_FRIDAY_BEST_SPEED,1,HIGH,OFFICIAL_RESULTS_PDF,,r4/evidence/fast_friday/2023_fast_friday_practice5_results.pdf,PDFTOTEXT,CORE_DEVELOPMENT,Deterministically parsed from official Fast Friday session result row.,31,00:38.9331
2023,Josef Newgarden,josef newgarden,2,233.085,FOUR_LAP_QUALIFYING_SIM,3,VERY_HIGH,OFFICIAL_EDITORIAL_HTML,,r4/evidence/fast_friday/2023_fast_friday_official_editorial.html,EXPLICIT_VERIFIED_STATEMENT,CORE_DEVELOPMENT,Official editorial: four-lap qualifying sim average.,,
2023,Katherine Legge,katherine legge,44,231.42,GENERAL_FAST_FRIDAY_BEST_SPEED,1,HIGH,OFFICIAL_RESULTS_PDF,,r4/evidence/fast_friday/2023_fast_friday_practice5_results.pdf,PDFTOTEXT,CORE_DEVELOPMENT,Deterministically parsed from official Fast Friday session result row.,29,00:38.8904
2023,Kyle Kirkwood,kyle kirkwood,27,233.608,GENERAL_FAST_FRIDAY_BEST_SPEED,1,HIGH,OFFICIAL_RESULTS_PDF,,r4/evidence/fast_friday/2023_fast_friday_practice5_results.pdf,PDFTOTEXT,CORE_DEVELOPMENT,Deterministically parsed from official Fast Friday session result row.,8,00:38.5260
2023,Marco Andretti,marco andretti,98,234.202,GENERAL_FAST_FRIDAY_BEST_SPEED,1,HIGH,OFFICIAL_RESULTS_PDF,,r4/evidence/fast_friday/2023_fast_friday_practice5_results.pdf,PDFTOTEXT,CORE_DEVELOPMENT,Deterministically parsed from official Fast Friday session result row.,2,00:38.4283
2023,Marcus Ericsson,marcus ericsson,8,233.112,FOUR_LAP_QUALIFYING_SIM,3,VERY_HIGH,OFFICIAL_EDITORIAL_HTML,,r4/evidence/fast_friday/2023_fast_friday_official_editorial.html,EXPLICIT_VERIFIED_STATEMENT,CORE_DEVELOPMENT,Official editorial: four-lap qualifying sim average.,,
2023,Pato O'Ward,pato o ward,5,233.796,GENERAL_FAST_FRIDAY_BEST_SPEED,1,HIGH,OFFICIAL_RESULTS_PDF,,r4/evidence/fast_friday/2023_fast_friday_practice5_results.pdf,PDFTOTEXT,CORE_DEVELOPMENT,Deterministically parsed from official Fast Friday session result row.,5,00:38.4951
2023,RC Enerson,rc enerson,50,231.242,GENERAL_FAST_FRIDAY_BEST_SPEED,1,HIGH,OFFICIAL_RESULTS_PDF,,r4/evidence/fast_friday/2023_fast_friday_practice5_results.pdf,PDFTOTEXT,CORE_DEVELOPMENT,Deterministically parsed from official Fast Friday session result row.,30,00:38.9203
2023,Rinus VeeKay,rinus veekay,21,234.171,GENERAL_FAST_FRIDAY_BEST_SPEED,1,HIGH,OFFICIAL_RESULTS_PDF,,r4/evidence/fast_friday/2023_fast_friday_practice5_results.pdf,PDFTOTEXT,CORE_DEVELOPMENT,Deterministically parsed from official Fast Friday session result row.,3,00:38.4334
2023,Romain Grosjean,romain grosjean,28,232.942,GENERAL_FAST_FRIDAY_BEST_SPEED,1,HIGH,OFFICIAL_RESULTS_PDF,,r4/evidence/fast_friday/2023_fast_friday_practice5_results.pdf,PDFTOTEXT,CORE_DEVELOPMENT,Deterministically parsed from official Fast Friday session result row.,19,00:38.6363
2023,Ryan Hunter-Reay,ryan hunter reay,23,232.861,GENERAL_FAST_FRIDAY_BEST_SPEED,1,HIGH,OFFICIAL_RESULTS_PDF,,r4/evidence/fast_friday/2023_fast_friday_practice5_results.pdf,PDFTOTEXT,CORE_DEVELOPMENT,Deterministically parsed from official Fast Friday session result row.,22,00:38.6497
2023,Santino Ferrucci,santino ferrucci,14,233.758,GENERAL_FAST_FRIDAY_BEST_SPEED,1,HIGH,OFFICIAL_RESULTS_PDF,,r4/evidence/fast_friday/2023_fast_friday_practice5_results.pdf,PDFTOTEXT,CORE_DEVELOPMENT,Deterministically parsed from official Fast Friday session result row.,7,00:38.5013
2023,Scott Dixon,scott dixon,9,233.506,GENERAL_FAST_FRIDAY_BEST_SPEED,1,HIGH,OFFICIAL_RESULTS_PDF,,r4/evidence/fast_friday/2023_fast_friday_practice5_results.pdf,PDFTOTEXT,CORE_DEVELOPMENT,Deterministically parsed from official Fast Friday session result row.,10,00:38.5429
2023,Scott McLaughlin,scott mclaughlin,3,233.347,GENERAL_FAST_FRIDAY_BEST_SPEED,1,HIGH,OFFICIAL_RESULTS_PDF,,r4/evidence/fast_friday/2023_fast_friday_practice5_results.pdf,PDFTOTEXT,CORE_DEVELOPMENT,Deterministically parsed from official Fast Friday session result row.,13,00:38.5691
2023,Simon Pagenaud,simon pagenaud,60,232.595,GENERAL_FAST_FRIDAY_BEST_SPEED,1,HIGH,OFFICIAL_RESULTS_PDF,,r4/evidence/fast_friday/2023_fast_friday_practice5_results.pdf,PDFTOTEXT,CORE_DEVELOPMENT,Deterministically parsed from official Fast Friday session result row.,23,00:38.6939
2023,Stefan Wilson,stefan wilson,24,232.57,GENERAL_FAST_FRIDAY_BEST_SPEED,1,HIGH,OFFICIAL_RESULTS_PDF,,r4/evidence/fast_friday/2023_fast_friday_practice5_results.pdf,PDFTOTEXT,CORE_DEVELOPMENT,Deterministically parsed from official Fast Friday session result row.,24,00:38.6981
2023,Sting Ray Robb,sting ray robb,51,231.699,GENERAL_FAST_FRIDAY_BEST_SPEED,1,HIGH,OFFICIAL_RESULTS_PDF,,r4/evidence/fast_friday/2023_fast_friday_practice5_results.pdf,PDFTOTEXT,CORE_DEVELOPMENT,Deterministically parsed from official Fast Friday session result row.,28,00:38.8435
2023,Takuma Sato,takuma sato,11,233.412,FOUR_LAP_QUALIFYING_SIM,3,VERY_HIGH,OFFICIAL_EDITORIAL_HTML,,r4/evidence/fast_friday/2023_fast_friday_official_editorial.html,EXPLICIT_VERIFIED_STATEMENT,CORE_DEVELOPMENT,Official editorial: fastest four-lap qualifying sim average.,,
2023,Tony Kanaan,tony kanaan,66,233.097,GENERAL_FAST_FRIDAY_BEST_SPEED,1,HIGH,OFFICIAL_RESULTS_PDF,,r4/evidence/fast_friday/2023_fast_friday_practice5_results.pdf,PDFTOTEXT,CORE_DEVELOPMENT,Deterministically parsed from official Fast Friday session result row.,17,00:38.6106
2023,Will Power,will power,12,233.07,FOUR_LAP_QUALIFYING_SIM,3,VERY_HIGH,OFFICIAL_EDITORIAL_HTML,,r4/evidence/fast_friday/2023_fast_friday_official_editorial.html,EXPLICIT_VERIFIED_STATEMENT,CORE_DEVELOPMENT,Official editorial: four-lap qualifying sim average.,,
2024,Agustin Canapino,agustin canapino,78,233.341,GENERAL_FAST_FRIDAY_BEST_SPEED,1,HIGH,OFFICIAL_RESULTS_PDF,,r4/evidence/fast_friday/2024_fast_friday_practice5_results.pdf,PDFTOTEXT,VALIDATION_ONLY,Deterministically parsed from official Fast Friday session result row.,11,00:38.5702
2024,Alex Palou,alex palou,10,232.135,GENERAL_FAST_FRIDAY_BEST_SPEED,1,HIGH,OFFICIAL_RESULTS_PDF,,r4/evidence/fast_friday/2024_fast_friday_practice5_results.pdf,PDFTOTEXT,VALIDATION_ONLY,Deterministically parsed from official Fast Friday session result row.,24,00:38.7705
2024,Alexander Rossi,alexander rossi,7,233.355,FOUR_LAP_QUALIFYING_SIM,3,VERY_HIGH,OFFICIAL_EDITORIAL_HTML,,r4/evidence/fast_friday/2024_fast_friday_official_editorial.html,EXPLICIT_VERIFIED_STATEMENT,VALIDATION_ONLY,Official editorial: fourth on qualifying sim chart.,,
2024,Callum Ilott,callum ilott,6,233.136,GENERAL_FAST_FRIDAY_BEST_SPEED,1,HIGH,OFFICIAL_RESULTS_PDF,,r4/evidence/fast_friday/2024_fast_friday_practice5_results.pdf,PDFTOTEXT,VALIDATION_ONLY,Deterministically parsed from official Fast Friday session result row.,14,00:38.6041
2024,Christian Lundgaard,christian lundgaard,45,232.57,GENERAL_FAST_FRIDAY_BEST_SPEED,1,HIGH,OFFICIAL_RESULTS_PDF,,r4/evidence/fast_friday/2024_fast_friday_practice5_results.pdf,PDFTOTEXT,VALIDATION_ONLY,Deterministically parsed from official Fast Friday session result row.,18,00:38.6981
2024,Christian Rasmussen,christian rasmussen,33,232.038,GENERAL_FAST_FRIDAY_BEST_SPEED,1,HIGH,OFFICIAL_RESULTS_PDF,,r4/evidence/fast_friday/2024_fast_friday_practice5_results.pdf,PDFTOTEXT,VALIDATION_ONLY,Deterministically parsed from official Fast Friday session result row.,27,00:38.7867
2024,Colton Herta,colton herta,26,234.974,GENERAL_FAST_FRIDAY_BEST_SPEED,1,HIGH,OFFICIAL_RESULTS_PDF,,r4/evidence/fast_friday/2024_fast_friday_practice5_results.pdf,PDFTOTEXT,VALIDATION_ONLY,Deterministically parsed from official Fast Friday session result row.,1,00:38.3021
2024,Conor Daly,conor daly,24,230.952,GENERAL_FAST_FRIDAY_BEST_SPEED,1,HIGH,OFFICIAL_RESULTS_PDF,,r4/evidence/fast_friday/2024_fast_friday_practice5_results.pdf,PDFTOTEXT,VALIDATION_ONLY,Deterministically parsed from official Fast Friday session result row.,31,00:38.9692
2024,Ed Carpenter,ed carpenter,20,232.547,GENERAL_FAST_FRIDAY_BEST_SPEED,1,HIGH,OFFICIAL_RESULTS_PDF,,r4/evidence/fast_friday/2024_fast_friday_practice5_results.pdf,PDFTOTEXT,VALIDATION_ONLY,Deterministically parsed from official Fast Friday session result row.,19,00:38.7018
2024,Felix Rosenqvist,felix rosenqvist,60,233.252,GENERAL_FAST_FRIDAY_BEST_SPEED,1,HIGH,OFFICIAL_RESULTS_PDF,,r4/evidence/fast_friday/2024_fast_friday_practice5_results.pdf,PDFTOTEXT,VALIDATION_ONLY,Deterministically parsed from official Fast Friday session result row.,12,00:38.5848
2024,Graham Rahal,graham rahal,15,231.236,GENERAL_FAST_FRIDAY_BEST_SPEED,1,HIGH,OFFICIAL_RESULTS_PDF,,r4/evidence/fast_friday/2024_fast_friday_practice5_results.pdf,PDFTOTEXT,VALIDATION_ONLY,Deterministically parsed from official Fast Friday session result row.,30,00:38.9212
2024,Helio Castroneves,helio castroneves,06,232.495,GENERAL_FAST_FRIDAY_BEST_SPEED,1,HIGH,OFFICIAL_RESULTS_PDF,,r4/evidence/fast_friday/2024_fast_friday_practice5_results.pdf,PDFTOTEXT,VALIDATION_ONLY,Deterministically parsed from official Fast Friday session result row.,20,00:38.7105
2024,Josef Newgarden,josef newgarden,2,234.063,FOUR_LAP_QUALIFYING_SIM,3,VERY_HIGH,OFFICIAL_EDITORIAL_HTML,,r4/evidence/fast_friday/2024_fast_friday_official_editorial.html,EXPLICIT_VERIFIED_STATEMENT,VALIDATION_ONLY,Official editorial: best four-lap qualifying sim average.,,
2024,Katherine Legge,katherine legge,51,230.205,GENERAL_FAST_FRIDAY_BEST_SPEED,1,HIGH,OFFICIAL_RESULTS_PDF,,r4/evidence/fast_friday/2024_fast_friday_practice5_results.pdf,PDFTOTEXT,VALIDATION_ONLY,Deterministically parsed from official Fast Friday session result row.,33,00:39.0956
2024,Kyffin Simpson,kyffin simpson,4,230.62,GENERAL_FAST_FRIDAY_BEST_SPEED,1,HIGH,OFFICIAL_RESULTS_PDF,,r4/evidence/fast_friday/2024_fast_friday_practice5_results.pdf,PDFTOTEXT,VALIDATION_ONLY,Deterministically parsed from official Fast Friday session result row.,32,00:39.0253
2024,Kyle Kirkwood,kyle kirkwood,27,233.705,GENERAL_FAST_FRIDAY_BEST_SPEED,1,HIGH,OFFICIAL_RESULTS_PDF,,r4/evidence/fast_friday/2024_fast_friday_practice5_results.pdf,PDFTOTEXT,VALIDATION_ONLY,Deterministically parsed from official Fast Friday session result row.,8,00:38.5101
2024,Kyle Larson,kyle larson,17,232.549,FOUR_LAP_QUALIFYING_SIM,3,VERY_HIGH,OFFICIAL_EDITORIAL_HTML,,r4/evidence/fast_friday/2024_fast_friday_official_editorial.html,EXPLICIT_VERIFIED_STATEMENT,VALIDATION_ONLY,Official editorial: 10th on qualifying sim chart.,,
2024,Linus Lundqvist,linus lundqvist,8,231.844,GENERAL_FAST_FRIDAY_BEST_SPEED,1,HIGH,OFFICIAL_RESULTS_PDF,,r4/evidence/fast_friday/2024_fast_friday_practice5_results.pdf,PDFTOTEXT,VALIDATION_ONLY,Deterministically parsed from official Fast Friday session result row.,28,00:38.8192
2024,Marco Andretti,marco andretti,98,232.901,GENERAL_FAST_FRIDAY_BEST_SPEED,1,HIGH,OFFICIAL_RESULTS_PDF,,r4/evidence/fast_friday/2024_fast_friday_practice5_results.pdf,PDFTOTEXT,VALIDATION_ONLY,Deterministically parsed from official Fast Friday session result row.,17,00:38.6430
2024,Marcus Armstrong,marcus armstrong,11,232.105,GENERAL_FAST_FRIDAY_BEST_SPEED,1,HIGH,OFFICIAL_RESULTS_PDF,,r4/evidence/fast_friday/2024_fast_friday_practice5_results.pdf,PDFTOTEXT,VALIDATION_ONLY,Deterministically parsed from official Fast Friday session result row.,26,00:38.7756
2024,Marcus Ericsson,marcus ericsson,28,232.388,GENERAL_FAST_FRIDAY_BEST_SPEED,1,HIGH,OFFICIAL_RESULTS_PDF,,r4/evidence/fast_friday/2024_fast_friday_practice5_results.pdf,PDFTOTEXT,VALIDATION_ONLY,Deterministically parsed from official Fast Friday session result row.,22,00:38.7283
2024,Nolan Siegel,nolan siegel,18,229.813,GENERAL_FAST_FRIDAY_BEST_SPEED,1,HIGH,OFFICIAL_RESULTS_PDF,,r4/evidence/fast_friday/2024_fast_friday_practice5_results.pdf,PDFTOTEXT,VALIDATION_ONLY,Deterministically parsed from official Fast Friday session result row.,34,00:39.1622
2024,Pato O'Ward,pato o ward,5,233.043,FOUR_LAP_QUALIFYING_SIM,3,VERY_HIGH,OFFICIAL_EDITORIAL_HTML,,r4/evidence/fast_friday/2024_fast_friday_official_editorial.html,EXPLICIT_VERIFIED_STATEMENT,VALIDATION_ONLY,Official editorial: fifth on qualifying sim chart.,,
2024,Pietro Fittipaldi,pietro fittipaldi,30,231.586,GENERAL_FAST_FRIDAY_BEST_SPEED,1,HIGH,OFFICIAL_RESULTS_PDF,,r4/evidence/fast_friday/2024_fast_friday_practice5_results.pdf,PDFTOTEXT,VALIDATION_ONLY,Deterministically parsed from official Fast Friday session result row.,29,00:38.8624
2024,Rinus VeeKay,rinus veekay,21,233.08,GENERAL_FAST_FRIDAY_BEST_SPEED,1,HIGH,OFFICIAL_RESULTS_PDF,,r4/evidence/fast_friday/2024_fast_friday_practice5_results.pdf,PDFTOTEXT,VALIDATION_ONLY,Deterministically parsed from official Fast Friday session result row.,15,00:38.6134
2024,Romain Grosjean,romain grosjean,77,232.135,GENERAL_FAST_FRIDAY_BEST_SPEED,1,HIGH,OFFICIAL_RESULTS_PDF,,r4/evidence/fast_friday/2024_fast_friday_practice5_results.pdf,PDFTOTEXT,VALIDATION_ONLY,Deterministically parsed from official Fast Friday session result row.,25,00:38.7706
2024,Ryan Hunter-Reay,ryan hunter reay,23,233.193,GENERAL_FAST_FRIDAY_BEST_SPEED,1,HIGH,OFFICIAL_RESULTS_PDF,,r4/evidence/fast_friday/2024_fast_friday_practice5_results.pdf,PDFTOTEXT,VALIDATION_ONLY,Deterministically parsed from official Fast Friday session result row.,13,00:38.5947
2024,Santino Ferrucci,santino ferrucci,14,233.412,GENERAL_FAST_FRIDAY_BEST_SPEED,1,HIGH,OFFICIAL_RESULTS_PDF,,r4/evidence/fast_friday/2024_fast_friday_practice5_results.pdf,PDFTOTEXT,VALIDATION_ONLY,Deterministically parsed from official Fast Friday session result row.,10,00:38.5585
2024,Scott Dixon,scott dixon,9,232.473,GENERAL_FAST_FRIDAY_BEST_SPEED,1,HIGH,OFFICIAL_RESULTS_PDF,,r4/evidence/fast_friday/2024_fast_friday_practice5_results.pdf,PDFTOTEXT,VALIDATION_ONLY,Deterministically parsed from official Fast Friday session result row.,21,00:38.7142
2024,Scott McLaughlin,scott mclaughlin,3,233.623,FOUR_LAP_QUALIFYING_SIM,3,VERY_HIGH,OFFICIAL_EDITORIAL_HTML,,r4/evidence/fast_friday/2024_fast_friday_official_editorial.html,EXPLICIT_VERIFIED_STATEMENT,VALIDATION_ONLY,Official editorial: second-fastest qualifying sim.,,
2024,Sting Ray Robb,sting ray robb,41,233.042,GENERAL_FAST_FRIDAY_BEST_SPEED,1,HIGH,OFFICIAL_RESULTS_PDF,,r4/evidence/fast_friday/2024_fast_friday_practice5_results.pdf,PDFTOTEXT,VALIDATION_ONLY,Deterministically parsed from official Fast Friday session result row.,16,00:38.6197
2024,Takuma Sato,takuma sato,75,233.679,GENERAL_FAST_FRIDAY_BEST_SPEED,1,HIGH,OFFICIAL_RESULTS_PDF,,r4/evidence/fast_friday/2024_fast_friday_practice5_results.pdf,PDFTOTEXT,VALIDATION_ONLY,Deterministically parsed from official Fast Friday session result row.,9,00:38.5144
2024,Tom Blomqvist,tom blomqvist,66,232.246,GENERAL_FAST_FRIDAY_BEST_SPEED,1,HIGH,OFFICIAL_RESULTS_PDF,,r4/evidence/fast_friday/2024_fast_friday_practice5_results.pdf,PDFTOTEXT,VALIDATION_ONLY,Deterministically parsed from official Fast Friday session result row.,23,00:38.7520
2024,Will Power,will power,12,233.451,FOUR_LAP_QUALIFYING_SIM,3,VERY_HIGH,OFFICIAL_EDITORIAL_HTML,,r4/evidence/fast_friday/2024_fast_friday_official_editorial.html,EXPLICIT_VERIFIED_STATEMENT,VALIDATION_ONLY,Official editorial: third-fastest qualifying sim.,,
2025,Alex Palou,alex palou,10,232.307,FOUR_LAP_QUALIFYING_SIM,3,VERY_HIGH,OFFICIAL_EDITORIAL_HTML,https://www.indycar.com/news/2025/05/05-16-fastfriday-practice,r4/evidence/fast_friday/r4f6j/2025_fast_friday_official_editorial.html,EXPLICIT_VERIFIED_STATEMENT,TECHNICAL_REGIME_TRANSFER,Official editorial explicitly reports a four-lap qualifying-simulation average of 232.307 mph.,,
2025,Alexander Rossi,alexander rossi,20,229.632,GENERAL_FAST_FRIDAY_BEST_SPEED,1,VERY_HIGH,OFFICIAL_RESULTS_PDF,https://www.imscdn.com/INDYCAR/Documents/6655/2025-05-16/indycar-results-p5.pdf,r4/evidence/fast_friday/r4f6j/2025_fast_friday_practice5_results.pdf,PDFTOTEXT_CROSSCHECK_OFFICIAL_SESSION_API,TECHNICAL_REGIME_TRANSFER,Official session fastest-lap result; not interpreted as a no-tow lap or four-lap average.,26,00:39.1932
2025,Callum Ilott,callum ilott,90,230.857,GENERAL_FAST_FRIDAY_BEST_SPEED,1,VERY_HIGH,OFFICIAL_RESULTS_PDF,https://www.imscdn.com/INDYCAR/Documents/6655/2025-05-16/indycar-results-p5.pdf,r4/evidence/fast_friday/r4f6j/2025_fast_friday_practice5_results.pdf,PDFTOTEXT_CROSSCHECK_OFFICIAL_SESSION_API,TECHNICAL_REGIME_TRANSFER,Official session fastest-lap result; not interpreted as a no-tow lap or four-lap average.,18,00:38.9851
2025,Christian Lundgaard,christian lundgaard,7,231.814,GENERAL_FAST_FRIDAY_BEST_SPEED,1,VERY_HIGH,OFFICIAL_RESULTS_PDF,https://www.imscdn.com/INDYCAR/Documents/6655/2025-05-16/indycar-results-p5.pdf,r4/evidence/fast_friday/r4f6j/2025_fast_friday_practice5_results.pdf,PDFTOTEXT_CROSSCHECK_OFFICIAL_SESSION_API,TECHNICAL_REGIME_TRANSFER,Official session fastest-lap result; not interpreted as a no-tow lap or four-lap average.,7,00:38.8243
2025,Christian Rasmussen,christian rasmussen,21,231.182,GENERAL_FAST_FRIDAY_BEST_SPEED,1,VERY_HIGH,OFFICIAL_RESULTS_PDF,https://www.imscdn.com/INDYCAR/Documents/6655/2025-05-16/indycar-results-p5.pdf,r4/evidence/fast_friday/r4f6j/2025_fast_friday_practice5_results.pdf,PDFTOTEXT_CROSSCHECK_OFFICIAL_SESSION_API,TECHNICAL_REGIME_TRANSFER,Official session fastest-lap result; not interpreted as a no-tow lap or four-lap average.,14,00:38.9304
2025,Colton Herta,colton herta,26,232.066,GENERAL_FAST_FRIDAY_BEST_SPEED,1,VERY_HIGH,OFFICIAL_RESULTS_PDF,https://www.imscdn.com/INDYCAR/Documents/6655/2025-05-16/indycar-results-p5.pdf,r4/evidence/fast_friday/r4f6j/2025_fast_friday_practice5_results.pdf,PDFTOTEXT_CROSSCHECK_OFFICIAL_SESSION_API,TECHNICAL_REGIME_TRANSFER,Official session fastest-lap result; not interpreted as a no-tow lap or four-lap average.,5,00:38.7820
2025,Conor Daly,conor daly,76,231.689,GENERAL_FAST_FRIDAY_BEST_SPEED,1,VERY_HIGH,OFFICIAL_RESULTS_PDF,https://www.imscdn.com/INDYCAR/Documents/6655/2025-05-16/indycar-results-p5.pdf,r4/evidence/fast_friday/r4f6j/2025_fast_friday_practice5_results.pdf,PDFTOTEXT_CROSSCHECK_OFFICIAL_SESSION_API,TECHNICAL_REGIME_TRANSFER,Official session fastest-lap result; not interpreted as a no-tow lap or four-lap average.,8,00:38.8451
2025,David Malukas,david malukas,4,230.749,GENERAL_FAST_FRIDAY_BEST_SPEED,1,VERY_HIGH,OFFICIAL_RESULTS_PDF,https://www.imscdn.com/INDYCAR/Documents/6655/2025-05-16/indycar-results-p5.pdf,r4/evidence/fast_friday/r4f6j/2025_fast_friday_practice5_results.pdf,PDFTOTEXT_CROSSCHECK_OFFICIAL_SESSION_API,TECHNICAL_REGIME_TRANSFER,Official session fastest-lap result; not interpreted as a no-tow lap or four-lap average.,20,00:39.0034
2025,Devlin DeFrancesco,devlin defrancesco,30,229.166,GENERAL_FAST_FRIDAY_BEST_SPEED,1,VERY_HIGH,OFFICIAL_RESULTS_PDF,https://www.imscdn.com/INDYCAR/Documents/6655/2025-05-16/indycar-results-p5.pdf,r4/evidence/fast_friday/r4f6j/2025_fast_friday_practice5_results.pdf,PDFTOTEXT_CROSSCHECK_OFFICIAL_SESSION_API,TECHNICAL_REGIME_TRANSFER,Official session fastest-lap result; not interpreted as a no-tow lap or four-lap average.,30,00:39.2729
2025,Ed Carpenter,ed carpenter,33,231.054,GENERAL_FAST_FRIDAY_BEST_SPEED,1,VERY_HIGH,OFFICIAL_RESULTS_PDF,https://www.imscdn.com/INDYCAR/Documents/6655/2025-05-16/indycar-results-p5.pdf,r4/evidence/fast_friday/r4f6j/2025_fast_friday_practice5_results.pdf,PDFTOTEXT_CROSSCHECK_OFFICIAL_SESSION_API,TECHNICAL_REGIME_TRANSFER,Official session fastest-lap result; not interpreted as a no-tow lap or four-lap average.,15,00:38.9520
2025,Felix Rosenqvist,felix rosenqvist,60,231.389,GENERAL_FAST_FRIDAY_BEST_SPEED,1,VERY_HIGH,OFFICIAL_RESULTS_PDF,https://www.imscdn.com/INDYCAR/Documents/6655/2025-05-16/indycar-results-p5.pdf,r4/evidence/fast_friday/r4f6j/2025_fast_friday_practice5_results.pdf,PDFTOTEXT_CROSSCHECK_OFFICIAL_SESSION_API,TECHNICAL_REGIME_TRANSFER,Official session fastest-lap result; not interpreted as a no-tow lap or four-lap average.,11,00:38.8955
2025,Graham Rahal,graham rahal,15,229.527,GENERAL_FAST_FRIDAY_BEST_SPEED,1,VERY_HIGH,OFFICIAL_RESULTS_PDF,https://www.imscdn.com/INDYCAR/Documents/6655/2025-05-16/indycar-results-p5.pdf,r4/evidence/fast_friday/r4f6j/2025_fast_friday_practice5_results.pdf,PDFTOTEXT_CROSSCHECK_OFFICIAL_SESSION_API,TECHNICAL_REGIME_TRANSFER,Official session fastest-lap result; not interpreted as a no-tow lap or four-lap average.,28,00:39.2110
2025,Helio Castroneves,helio castroneves,06,230.643,GENERAL_FAST_FRIDAY_BEST_SPEED,1,VERY_HIGH,OFFICIAL_RESULTS_PDF,https://www.imscdn.com/INDYCAR/Documents/6655/2025-05-16/indycar-results-p5.pdf,r4/evidence/fast_friday/r4f6j/2025_fast_friday_practice5_results.pdf,PDFTOTEXT_CROSSCHECK_OFFICIAL_SESSION_API,TECHNICAL_REGIME_TRANSFER,Official session fastest-lap result; not interpreted as a no-tow lap or four-lap average.,21,00:39.0213
2025,Jack Harvey,jack harvey,24,229.013,GENERAL_FAST_FRIDAY_BEST_SPEED,1,VERY_HIGH,OFFICIAL_RESULTS_PDF,https://www.imscdn.com/INDYCAR/Documents/6655/2025-05-16/indycar-results-p5.pdf,r4/evidence/fast_friday/r4f6j/2025_fast_friday_practice5_results.pdf,PDFTOTEXT_CROSSCHECK_OFFICIAL_SESSION_API,TECHNICAL_REGIME_TRANSFER,Official session fastest-lap result; not interpreted as a no-tow lap or four-lap average.,32,00:39.2991
2025,Jacob Abel,jacob abel,51,229.611,GENERAL_FAST_FRIDAY_BEST_SPEED,1,VERY_HIGH,OFFICIAL_RESULTS_PDF,https://www.imscdn.com/INDYCAR/Documents/6655/2025-05-16/indycar-results-p5.pdf,r4/evidence/fast_friday/r4f6j/2025_fast_friday_practice5_results.pdf,PDFTOTEXT_CROSSCHECK_OFFICIAL_SESSION_API,TECHNICAL_REGIME_TRANSFER,Official session fastest-lap result; not interpreted as a no-tow lap or four-lap average.,27,00:39.1968
2025,Josef Newgarden,josef newgarden,2,231.033,GENERAL_FAST_FRIDAY_BEST_SPEED,1,VERY_HIGH,OFFICIAL_RESULTS_PDF,https://www.imscdn.com/INDYCAR/Documents/6655/2025-05-16/indycar-results-p5.pdf,r4/evidence/fast_friday/r4f6j/2025_fast_friday_practice5_results.pdf,PDFTOTEXT_CROSSCHECK_OFFICIAL_SESSION_API,TECHNICAL_REGIME_TRANSFER,Official session fastest-lap result; not interpreted as a no-tow lap or four-lap average.,16,00:38.9554
2025,Kyle Kirkwood,kyle kirkwood,27,232.107,GENERAL_FAST_FRIDAY_BEST_SPEED,1,VERY_HIGH,OFFICIAL_RESULTS_PDF,https://www.imscdn.com/INDYCAR/Documents/6655/2025-05-16/indycar-results-p5.pdf,r4/evidence/fast_friday/r4f6j/2025_fast_friday_practice5_results.pdf,PDFTOTEXT_CROSSCHECK_OFFICIAL_SESSION_API,TECHNICAL_REGIME_TRANSFER,Official session fastest-lap result; not interpreted as a no-tow lap or four-lap average.,4,00:38.7752
2025,Kyle Larson,kyle larson,17,214.223,GENERAL_FAST_FRIDAY_BEST_SPEED,1,VERY_HIGH,OFFICIAL_RESULTS_PDF,https://www.imscdn.com/INDYCAR/Documents/6655/2025-05-16/indycar-results-p5.pdf,r4/evidence/fast_friday/r4f6j/2025_fast_friday_practice5_results.pdf,PDFTOTEXT_CROSSCHECK_OFFICIAL_SESSION_API,TECHNICAL_REGIME_TRANSFER,Official session fastest-lap result; not interpreted as a no-tow lap or four-lap average.,33,00:42.0122
2025,Louis Foster,louis foster,45,230.987,GENERAL_FAST_FRIDAY_BEST_SPEED,1,VERY_HIGH,OFFICIAL_RESULTS_PDF,https://www.imscdn.com/INDYCAR/Documents/6655/2025-05-16/indycar-results-p5.pdf,r4/evidence/fast_friday/r4f6j/2025_fast_friday_practice5_results.pdf,PDFTOTEXT_CROSSCHECK_OFFICIAL_SESSION_API,TECHNICAL_REGIME_TRANSFER,Official session fastest-lap result; not interpreted as a no-tow lap or four-lap average.,17,00:38.9632
2025,Marco Andretti,marco andretti,98,230.51,GENERAL_FAST_FRIDAY_BEST_SPEED,1,VERY_HIGH,OFFICIAL_RESULTS_PDF,https://www.imscdn.com/INDYCAR/Documents/6655/2025-05-16/indycar-results-p5.pdf,r4/evidence/fast_friday/r4f6j/2025_fast_friday_practice5_results.pdf,PDFTOTEXT_CROSSCHECK_OFFICIAL_SESSION_API,TECHNICAL_REGIME_TRANSFER,Official session fastest-lap result; not interpreted as a no-tow lap or four-lap average.,22,00:39.0439
2025,Marcus Armstrong,marcus armstrong,66,231.568,GENERAL_FAST_FRIDAY_BEST_SPEED,1,VERY_HIGH,OFFICIAL_RESULTS_PDF,https://www.imscdn.com/INDYCAR/Documents/6655/2025-05-16/indycar-results-p5.pdf,r4/evidence/fast_friday/r4f6j/2025_fast_friday_practice5_results.pdf,PDFTOTEXT_CROSSCHECK_OFFICIAL_SESSION_API,TECHNICAL_REGIME_TRANSFER,Official session fastest-lap result; not interpreted as a no-tow lap or four-lap average.,9,00:38.8655
2025,Marcus Ericsson,marcus ericsson,28,230.791,GENERAL_FAST_FRIDAY_BEST_SPEED,1,VERY_HIGH,OFFICIAL_RESULTS_PDF,https://www.imscdn.com/INDYCAR/Documents/6655/2025-05-16/indycar-results-p5.pdf,r4/evidence/fast_friday/r4f6j/2025_fast_friday_practice5_results.pdf,PDFTOTEXT_CROSSCHECK_OFFICIAL_SESSION_API,TECHNICAL_REGIME_TRANSFER,Official session fastest-lap result; not interpreted as a no-tow lap or four-lap average.,19,00:38.9964
2025,Nolan Siegel,nolan siegel,6,229.095,GENERAL_FAST_FRIDAY_BEST_SPEED,1,VERY_HIGH,OFFICIAL_RESULTS_PDF,https://www.imscdn.com/INDYCAR/Documents/6655/2025-05-16/indycar-results-p5.pdf,r4/evidence/fast_friday/r4f6j/2025_fast_friday_practice5_results.pdf,PDFTOTEXT_CROSSCHECK_OFFICIAL_SESSION_API,TECHNICAL_REGIME_TRANSFER,Official session fastest-lap result; not interpreted as a no-tow lap or four-lap average.,31,00:39.2850
2025,Pato O'Ward,pato o ward,5,230.441,GENERAL_FAST_FRIDAY_BEST_SPEED,1,VERY_HIGH,OFFICIAL_RESULTS_PDF,https://www.imscdn.com/INDYCAR/Documents/6655/2025-05-16/indycar-results-p5.pdf,r4/evidence/fast_friday/r4f6j/2025_fast_friday_practice5_results.pdf,PDFTOTEXT_CROSSCHECK_OFFICIAL_SESSION_API,TECHNICAL_REGIME_TRANSFER,Official session fastest-lap result; not interpreted as a no-tow lap or four-lap average.,23,00:39.0556
2025,Rinus VeeKay,rinus veekay,18,230.406,GENERAL_FAST_FRIDAY_BEST_SPEED,1,VERY_HIGH,OFFICIAL_RESULTS_PDF,https://www.imscdn.com/INDYCAR/Documents/6655/2025-05-16/indycar-results-p5.pdf,r4/evidence/fast_friday/r4f6j/2025_fast_friday_practice5_results.pdf,PDFTOTEXT_CROSSCHECK_OFFICIAL_SESSION_API,TECHNICAL_REGIME_TRANSFER,Official session fastest-lap result; not interpreted as a no-tow lap or four-lap average.,24,00:39.0615
2025,Robert Shwartzman,robert shwartzman,83,231.295,GENERAL_FAST_FRIDAY_BEST_SPEED,1,VERY_HIGH,OFFICIAL_RESULTS_PDF,https://www.imscdn.com/INDYCAR/Documents/6655/2025-05-16/indycar-results-p5.pdf,r4/evidence/fast_friday/r4f6j/2025_fast_friday_practice5_results.pdf,PDFTOTEXT_CROSSCHECK_OFFICIAL_SESSION_API,TECHNICAL_REGIME_TRANSFER,Official session fastest-lap result; not interpreted as a no-tow lap or four-lap average.,13,00:38.9113
2025,Ryan Hunter-Reay,ryan hunter reay,23,229.355,GENERAL_FAST_FRIDAY_BEST_SPEED,1,VERY_HIGH,OFFICIAL_RESULTS_PDF,https://www.imscdn.com/INDYCAR/Documents/6655/2025-05-16/indycar-results-p5.pdf,r4/evidence/fast_friday/r4f6j/2025_fast_friday_practice5_results.pdf,PDFTOTEXT_CROSSCHECK_OFFICIAL_SESSION_API,TECHNICAL_REGIME_TRANSFER,Official session fastest-lap result; not interpreted as a no-tow lap or four-lap average.,29,00:39.2404
2025,Santino Ferrucci,santino ferrucci,14,230.389,GENERAL_FAST_FRIDAY_BEST_SPEED,1,VERY_HIGH,OFFICIAL_RESULTS_PDF,https://www.imscdn.com/INDYCAR/Documents/6655/2025-05-16/indycar-results-p5.pdf,r4/evidence/fast_friday/r4f6j/2025_fast_friday_practice5_results.pdf,PDFTOTEXT_CROSSCHECK_OFFICIAL_SESSION_API,TECHNICAL_REGIME_TRANSFER,Official session fastest-lap result; not interpreted as a no-tow lap or four-lap average.,25,00:39.0643
2025,Scott Dixon,scott dixon,9,232.561,FOUR_LAP_QUALIFYING_SIM,3,VERY_HIGH,OFFICIAL_EDITORIAL_HTML,https://www.indycar.com/news/2025/05/05-16-fastfriday-practice,r4/evidence/fast_friday/r4f6j/2025_fast_friday_official_editorial.html,EXPLICIT_VERIFIED_STATEMENT,TECHNICAL_REGIME_TRANSFER,Official editorial explicitly reports a four-lap qualifying-simulation average of 232.561 mph.,,
2025,Scott McLaughlin,scott mclaughlin,3,233.954,GENERAL_FAST_FRIDAY_BEST_SPEED,1,VERY_HIGH,OFFICIAL_RESULTS_PDF,https://www.imscdn.com/INDYCAR/Documents/6655/2025-05-16/indycar-results-p5.pdf,r4/evidence/fast_friday/r4f6j/2025_fast_friday_practice5_results.pdf,PDFTOTEXT_CROSSCHECK_OFFICIAL_SESSION_API,TECHNICAL_REGIME_TRANSFER,Official session fastest-lap result; not interpreted as a no-tow lap or four-lap average.,1,00:38.4691
2025,Sting Ray Robb,sting ray robb,77,231.415,GENERAL_FAST_FRIDAY_BEST_SPEED,1,VERY_HIGH,OFFICIAL_RESULTS_PDF,https://www.imscdn.com/INDYCAR/Documents/6655/2025-05-16/indycar-results-p5.pdf,r4/evidence/fast_friday/r4f6j/2025_fast_friday_practice5_results.pdf,PDFTOTEXT_CROSSCHECK_OFFICIAL_SESSION_API,TECHNICAL_REGIME_TRANSFER,Official session fastest-lap result; not interpreted as a no-tow lap or four-lap average.,10,00:38.8912
2025,Takuma Sato,takuma sato,75,231.365,GENERAL_FAST_FRIDAY_BEST_SPEED,1,VERY_HIGH,OFFICIAL_RESULTS_PDF,https://www.imscdn.com/INDYCAR/Documents/6655/2025-05-16/indycar-results-p5.pdf,r4/evidence/fast_friday/r4f6j/2025_fast_friday_practice5_results.pdf,PDFTOTEXT_CROSSCHECK_OFFICIAL_SESSION_API,TECHNICAL_REGIME_TRANSFER,Official session fastest-lap result; not interpreted as a no-tow lap or four-lap average.,12,00:38.8996
2025,Will Power,will power,12,231.983,GENERAL_FAST_FRIDAY_BEST_SPEED,1,VERY_HIGH,OFFICIAL_RESULTS_PDF,https://www.imscdn.com/INDYCAR/Documents/6655/2025-05-16/indycar-results-p5.pdf,r4/evidence/fast_friday/r4f6j/2025_fast_friday_practice5_results.pdf,PDFTOTEXT_CROSSCHECK_OFFICIAL_SESSION_API,TECHNICAL_REGIME_TRANSFER,Official session fastest-lap result; not interpreted as a no-tow lap or four-lap average.,6,00:38.7959
