pair_id,held_out_year,horizon_min,actual,pred_M0,pred_M1
2020_2020-08-15_day1_000_h15,2020,15,0.5555555555555536,0.745704467353953,1.065791395729014
2020_2020-08-15_day1_001_h15,2020,15,0.5555555555555571,0.7457044673539502,1.0657913957290113
2020_2020-08-15_day1_002_h15,2020,15,1.1111111111111107,1.1844215349369984,1.4974728522320766
2020_2020-08-15_day1_003_h15,2020,15,1.1111111111111107,0.745704467353953,1.065791395729014
2020_2020-08-15_day1_004_h15,2020,15,1.1111111111111107,0.30698739977090483,0.6140377546742338
2020_2020-08-15_day1_006_h15,2020,15,1.1111111111111145,1.1844215349369984,1.2766788221632186
2020_2020-08-15_day1_007_h15,2020,15,1.1111111111111072,0.30698739977090483,0.41331590915708993
2020_2020-08-15_day1_008_h15,2020,15,1.1111111111111145,0.7457044673539502,0.8048529965567242
2020_2020-08-15_day1_009_h15,2020,15,1.1111111111111072,0.30698739977090483,0.35309935550194677
2020_2020-08-15_day1_010_h15,2020,15,1.6666666666666714,0.745704467353953,0.7446364429015837
2020_2020-08-15_day1_011_h15,2020,15,3.3333333333333286,1.1844215349369984,1.136173530301218
2020_2020-08-15_day1_012_h15,2020,15,1.1111111111111145,0.30698739977090483,0.19252187908823182
2020_2020-08-15_day1_013_h15,2020,15,1.1111111111111072,0.30698739977090483,0.15237750998480304
2020_2020-08-15_day1_014_h15,2020,15,1.1111111111111145,0.30698739977090483,0.11223314088137437
2020_2020-08-15_day1_015_h15,2020,15,0.5555555555555571,0.7457044673539502,0.5037702282810084
2020_2020-08-15_day1_016_h15,2020,15,1.1111111111111072,1.1844215349370013,0.9354516847840769
2020_2020-08-15_day1_017_h15,2020,15,1.6666666666666714,0.30698739977090483,0.07208877177794559
2020_2020-08-15_day1_018_h15,2020,15,-3.3333333333333357,0.30698739977090483,0.011872218122802258
2020_2020-08-15_day1_019_h15,2020,15,1.1111111111111145,-0.5704467353951918,-0.7310575875730428
2020_2020-08-15_day1_020_h15,2020,15,2.7777777777777715,0.745704467353953,0.4836980437292966
2020_2020-08-15_day1_021_h15,2020,15,-3.3333333333333286,0.30698739977090483,-0.02827215098062652
2020_2020-08-15_day1_022_h15,2020,15,0.0,0.30698739977090483,0.09216095632965982
2020_2020-08-15_day1_023_h15,2020,15,0.5555555555555571,-0.13172966781214335,-0.33952050017340596
2020_2020-08-15_day1_024_h15,2020,15,2.2222222222222214,0.745704467353953,0.4836980437292966
2020_2020-08-15_day1_025_h15,2020,15,1.1111111111111072,1.1844215349369984,0.8551629465772164
2020_2020-08-15_day1_026_h15,2020,15,0.0,1.1844215349369984,0.8551629465772165
2020_2020-08-15_day1_027_h15,2020,15,-2.2222222222222214,-0.5704467353951888,-0.8314185103316117
2020_2020-08-15_day1_028_h15,2020,15,0.0,0.30698739977090483,0.07208877177794548
2020_2020-08-15_day1_029_h15,2020,15,1.1111111111111145,-0.13172966781214057,-0.3595926847251175
2020_2020-08-15_day1_000_h30,2020,30,1.1111111111111107,1.6612349127744968,2.323749210126108
2020_2020-08-15_day1_001_h30,2020,30,1.666666666666668,2.1909367306484917,2.834480307138474
2020_2020-08-15_day1_002_h30,2020,30,2.2222222222222214,2.1909367306484957,2.834480307138477
2020_2020-08-15_day1_003_h30,2020,30,2.2222222222222214,1.1315330949005018,1.8130181131137424
2020_2020-08-15_day1_006_h30,2020,30,2.2222222222222214,1.6612349127744968,1.8601545603085061
2020_2020-08-15_day1_007_h30,2020,30,2.2222222222222214,1.1315330949004982,1.349423463296137
2020_2020-08-15_day1_008_h30,2020,30,2.2222222222222214,1.1315330949004982,1.265133526965664
2020_2020-08-15_day1_009_h30,2020,30,2.7777777777777786,1.1315330949005018,1.2229885588004306
2020_2020-08-15_day1_010_h30,2020,30,5.0,2.1909367306484957,2.160160816494692
2020_2020-08-15_day1_011_h30,2020,30,4.444444444444443,1.6612349127744968,1.56513978315185
2020_2020-08-15_day1_012_h30,2020,30,2.2222222222222214,0.6018312770265031,0.3750977164661695
2020_2020-08-15_day1_013_h30,2020,30,2.2222222222222214,0.6018312770265031,0.2908077801356963
2020_2020-08-15_day1_014_h30,2020,30,1.6666666666666714,1.1315330949004982,0.717248940817589
2020_2020-08-15_day1_015_h30,2020,30,1.6666666666666643,2.1909367306484957,1.6544211985118535
2020_2020-08-15_day1_016_h30,2020,30,2.7777777777777786,1.6612349127745005,1.143690101499488
2020_2020-08-15_day1_017_h30,2020,30,-1.6666666666666643,0.6018312770265031,0.12222790747475032
2020_2020-08-15_day1_018_h30,2020,30,-2.2222222222222214,-0.4575723587214944,-1.0256691910456974
2020_2020-08-15_day1_019_h30,2020,30,3.8888888888888857,0.07212945915250446,-0.26206828504190893
2020_2020-08-15_day1_020_h30,2020,30,-0.5555555555555571,1.1315330949005018,0.5908140363218821
2020_2020-08-15_day1_021_h30,2020,30,-3.3333333333333286,0.6018312770265031,-0.08849693335143272
2020_2020-08-15_day1_022_h30,2020,30,0.5555555555555571,0.07212945915250446,-0.34635822137238237
2020_2020-08-15_day1_023_h30,2020,30,2.7777777777777786,0.6018312770265031,0.16437287563998648
2020_2020-08-15_day1_024_h30,2020,30,3.3333333333333286,2.1909367306484957,1.6122762303466167
2020_2020-08-15_day1_025_h30,2020,30,1.1111111111111072,2.7206385485224907,1.9965724228632724
2020_2020-08-15_day1_026_h30,2020,30,-2.2222222222222214,0.6018312770265031,-0.04635196518619611
2020_2020-08-15_day1_027_h30,2020,30,-2.2222222222222214,-0.4575723587214906,-0.9835242228804575
2020_2020-08-15_day1_028_h30,2020,30,1.1111111111111145,0.0721294591525079,-0.38850318953761565
2020_2020-08-15_day1_000_h60,2020,60,3.333333333333332,4.7989417989418,6.201243465173899
2020_2020-08-15_day1_001_h60,2020,60,3.8888888888888897,4.079365079365078,5.503710969027694
2020_2020-08-15_day1_006_h60,2020,60,4.444444444444443,3.359788359788357,3.826248862967322
2020_2020-08-15_day1_007_h60,2020,60,5.0,2.64021164021164,3.1287163668211213
2020_2020-08-15_day1_008_h60,2020,60,7.222222222222221,4.079365079365078,4.345612339129133
2020_2020-08-15_day1_009_h60,2020,60,7.222222222222221,3.3597883597883618,3.558995332990735
2020_2020-08-15_day1_010_h60,2020,60,7.222222222222221,3.3597883597883618,3.380826313006341
2020_2020-08-15_day1_011_h60,2020,60,6.666666666666664,2.64021164021164,2.5051247968757417
2020_2020-08-15_day1_012_h60,2020,60,3.888888888888893,1.9206349206349183,1.4512542607607495
2020_2020-08-15_day1_013_h60,2020,60,3.8888888888888857,3.3597883597883618,2.668150233068764
2020_2020-08-15_day1_014_h60,2020,60,4.44444444444445,3.3597883597883618,2.489981213084371
2020_2020-08-15_day1_015_h60,2020,60,0.0,3.3597883597883618,2.311812193099976
2020_2020-08-15_day1_016_h60,2020,60,0.5555555555555571,1.2010582010582014,0.21921470466136617
2020_2020-08-15_day1_017_h60,2020,60,2.2222222222222214,0.48148148148147984,-0.4783177914848378
2020_2020-08-15_day1_018_h60,2020,60,-2.7777777777777786,0.48148148148147984,-0.7455713214614303
2020_2020-08-15_day1_019_h60,2020,60,0.5555555555555571,0.48148148148147984,-0.21106426150824698
2020_2020-08-15_day1_020_h60,2020,60,0.0,1.2010582010582014,0.1301301946691682
2020_2020-08-15_day1_021_h60,2020,60,-0.55555555555555,1.2010582010582014,-0.22620784529961924
2020_2020-08-15_day1_022_h60,2020,60,3.8888888888888857,2.64021164021164,1.7033642069459678
2020_2020-08-15_day1_023_h60,2020,60,3.8888888888888857,4.079365079365078,3.098429199238373
2020_2020-08-15_day1_024_h60,2020,60,1.1111111111111072,3.3597883597883618,2.2227276831077782
2020_2020-08-15_day1_025_h60,2020,60,-1.1111111111111145,2.64021164021164,1.2579416569849822
2020_2020-08-15_day1_026_h60,2020,60,-1.1111111111111072,0.4814814814814844,-0.8346558314536225
2020_2020-08-15_day1_004_h90,2020,90,7.222222222222221,4.309376074710224,6.105712153502021
2020_2020-08-15_day1_005_h90,2020,90,7.222222222222225,5.984359484817222,7.480512820428168
2020_2020-08-15_day1_006_h90,2020,90,9.444444444444445,6.821851189870719,7.3232849275511045
2020_2020-08-15_day1_007_h90,2020,90,9.444444444444445,5.146867779763721,5.707161910242061
2020_2020-08-15_day1_008_h90,2020,90,9.444444444444445,5.146867779763721,5.465839559859166
2020_2020-08-15_day1_009_h90,2020,90,9.444444444444445,4.309376074710224,4.537116876013198
2020_2020-08-15_day1_010_h90,2020,90,8.888888888888893,5.146867779763721,5.103856034284822
2020_2020-08-15_day1_011_h90,2020,90,8.333333333333329,5.984359484817222,5.67059519255645
2020_2020-08-15_day1_012_h90,2020,90,6.666666666666671,4.309376074710224,3.5718274744816165
2020_2020-08-15_day1_013_h90,2020,90,2.2222222222222214,4.309376074710224,3.3305051240987202
2020_2020-08-15_day1_014_h90,2020,90,2.2222222222222285,2.63439266460322,1.4730597564067764
2020_2020-08-15_day1_015_h90,2020,90,3.8888888888888857,3.4718843696567223,2.0397989146784044
2020_2020-08-15_day1_016_h90,2020,90,0.0,2.6343926646032254,1.2317374060238855
2020_2020-08-15_day1_017_h90,2020,90,-1.1111111111111072,0.9594092544962217,-0.384385611285162
2020_2020-08-15_day1_018_h90,2020,90,-2.2222222222222214,0.1219175494427196,-1.5544306455140315
2020_2020-08-15_day1_019_h90,2020,90,3.3333333333333357,0.9594092544962217,-0.022402085710819364
2020_2020-08-15_day1_020_h90,2020,90,3.3333333333333286,4.309376074710224,2.72719924814148
2020_2020-08-15_day1_021_h90,2020,90,0.5555555555555571,5.146867779763721,3.0526160560302085
2020_2020-08-15_day1_022_h90,2020,90,1.6666666666666643,3.4718843696567223,2.160460089869852
2020_2020-08-15_day1_023_h90,2020,90,1.6666666666666643,3.4718843696567223,2.160460089869852
2020_2020-08-15_day1_024_h90,2020,90,2.2222222222222214,3.4718843696567276,1.9191377394869606
2020_2020-08-15_day1_002_h120,2020,120,9.444444444444445,7.925839737226729,9.376276386553805
2020_2020-08-15_day1_003_h120,2020,120,9.444444444444446,7.925839737226729,9.376276386553805
2020_2020-08-15_day1_004_h120,2020,120,9.444444444444445,6.944537572064345,8.352710222861612
2020_2020-08-15_day1_005_h120,2020,120,9.444444444444446,7.925839737226723,9.025590474534543
2020_2020-08-15_day1_006_h120,2020,120,11.666666666666664,7.925839737226723,8.090428042483188
2020_2020-08-15_day1_007_h120,2020,120,11.666666666666664,5.96323540690196,6.2770863231116465
2020_2020-08-15_day1_008_h120,2020,120,11.111111111111114,6.9445375720643385,6.949966574784576
2020_2020-08-15_day1_009_h120,2020,120,11.111111111111107,7.925839737226729,7.739742130463936
2020_2020-08-15_day1_010_h120,2020,120,11.666666666666671,7.925839737226729,7.505951522451098
2020_2020-08-15_day1_011_h120,2020,120,6.666666666666664,6.944537572064345,6.3654900547524855
2020_2020-08-15_day1_012_h120,2020,120,4.44444444444445,3.0193289114148136,2.2712253999837206
2020_2020-08-15_day1_013_h120,2020,120,6.111111111111107,4.000631076577198,2.9441056516566553
2020_2020-08-15_day1_014_h120,2020,120,1.6666666666666714,4.000631076577198,2.7103150436438175
2020_2020-08-15_day1_015_h120,2020,120,0.5555555555555571,4.000631076577198,2.4765244356309783
2020_2020-08-15_day1_016_h120,2020,120,0.5555555555555571,2.0380267462524353,0.6631827162594366
2020_2020-08-15_day1_017_h120,2020,120,1.6666666666666714,1.0567245810900507,-0.24348814342633585
2020_2020-08-15_day1_018_h120,2020,120,1.1111111111111072,3.0193289114148136,1.2191676639259468
2020_2020-08-15_day1_019_h120,2020,120,4.444444444444443,4.981933241739576,3.733881207336004
2020_2020-08-15_day1_020_h120,2020,120,1.1111111111111072,4.981933241739583,3.2662999913103326
2020_2020-08-15_day1_021_h120,2020,120,-1.6666666666666643,4.000631076577198,1.8920479155988819
2020_2020-08-15_day1_022_h120,2020,120,2.7777777777777786,3.01932891141482,1.6867488799516295
2021_2021-05-22_day1_001_h15,2021,15,0.5555555555555536,0.7853773736671732,1.2027871108801973
2021_2021-05-22_day1_002_h15,2021,15,0.5555555555555571,0.785377373667176,1.2027871108802002
2021_2021-05-22_day1_003_h15,2021,15,0.0,0.3535002541778473,0.7745460321005392
2021_2021-05-22_day1_004_h15,2021,15,1.1111111111111107,0.7853773736671732,1.2027871108801973
2021_2021-05-22_day1_005_h15,2021,15,0.5555555555555536,0.785377373667176,1.1812416356112116
2021_2021-05-22_day1_007_h15,2021,15,1.6666666666666643,0.785377373667176,1.0950597345352577
2021_2021-05-22_day1_008_h15,2021,15,0.0,1.217254493156502,1.4802098627769391
2021_2021-05-22_day1_009_h15,2021,15,0.5555555555555571,0.3535002541778473,0.6668186557555971
2021_2021-05-22_day1_010_h15,2021,15,1.1111111111111145,0.7853773736671732,1.0735142592662665
2021_2021-05-22_day1_011_h15,2021,15,0.55555555555555,0.3535002541778473,0.6237277052176198
2021_2021-05-22_day1_012_h15,2021,15,1.6666666666666714,0.785377373667176,1.0304233087282924
2021_2021-05-22_day1_013_h15,2021,15,0.0,0.3535002541778473,0.5590912794106546
2021_2021-05-22_day1_014_h15,2021,15,0.0,0.3535002541778473,0.5590912794106546
2021_2021-05-22_day1_015_h15,2021,15,-0.5555555555555571,-0.07837686531148136,0.13085020063099362
2021_2021-05-22_day1_016_h15,2021,15,0.0,0.785377373667176,0.9873323581903155
2021_2021-05-22_day1_017_h15,2021,15,0.5555555555555571,0.3535002541778473,0.580636754679643
2021_2021-05-22_day1_018_h15,2021,15,1.1111111111111072,0.3535002541778473,0.5590912794106546
2021_2021-05-22_day1_019_h15,2021,15,3.3333333333333357,1.217254493156502,1.3724824864319969
2021_2021-05-22_day1_020_h15,2021,15,1.6666666666666643,0.7853773736671732,0.858059506576382
2021_2021-05-22_day1_021_h15,2021,15,1.1111111111111145,0.785377373667176,0.8149685560384079
2021_2021-05-22_day1_022_h15,2021,15,0.5555555555555571,-0.07837686531148136,-0.06305907678990252
2021_2021-05-22_day1_023_h15,2021,15,1.1111111111111072,0.3535002541778473,0.3220910514517813
2021_2021-05-22_day1_024_h15,2021,15,1.1111111111111145,0.785377373667176,0.7072411796934654
2021_2021-05-22_day1_025_h15,2021,15,0.0,0.785377373667176,0.6856957044244769
2021_2021-05-22_day1_026_h15,2021,15,-0.5555555555555571,-0.07837686531148136,-0.14924097786585644
2021_2021-05-22_day1_027_h15,2021,15,-0.5555555555555571,0.3535002541778473,0.27900010091380456
2021_2021-05-22_day1_028_h15,2021,15,-1.6666666666666643,0.3535002541778473,0.3005455761827931
2021_2021-05-22_day1_029_h15,2021,15,0.0,0.785377373667176,0.7934230807694194
2021_2021-05-22_day1_030_h15,2021,15,-0.5555555555555571,0.3535002541778473,0.3867274772587469
2021_2021-05-22_day1_000_h30,2021,30,1.1111111111111145,1.2126402890492654,2.1795084104303695
2021_2021-05-22_day1_001_h30,2021,30,1.1111111111111107,1.7506450878161857,2.6558714551804363
2021_2021-05-22_day1_002_h30,2021,30,0.5555555555555571,1.2126402890492654,2.1328859670369114
2021_2021-05-22_day1_003_h30,2021,30,1.1111111111111107,1.2126402890492618,2.1328859670369082
2021_2021-05-22_day1_004_h30,2021,30,1.6666666666666643,1.7506450878161857,2.6558714551804363
2021_2021-05-22_day1_007_h30,2021,30,1.6666666666666643,2.28864988658311,2.9457447263566756
2021_2021-05-22_day1_008_h30,2021,30,0.5555555555555571,1.7506450878161857,2.3295143514262318
2021_2021-05-22_day1_009_h30,2021,30,1.6666666666666714,1.2126402890492618,1.8997737500696195
2021_2021-05-22_day1_010_h30,2021,30,1.6666666666666643,1.2126402890492618,1.8531513066761616
2021_2021-05-22_day1_011_h30,2021,30,2.2222222222222214,1.2126402890492654,1.8065288632827066
2021_2021-05-22_day1_012_h30,2021,30,1.6666666666666714,1.2126402890492654,1.7599064198892491
2021_2021-05-22_day1_013_h30,2021,30,0.0,0.6746354902823413,1.1436760449588055
2021_2021-05-22_day1_014_h30,2021,30,-0.5555555555555571,0.1366306915154173,0.6206905568152774
2021_2021-05-22_day1_015_h30,2021,30,-0.5555555555555571,0.6746354902823413,1.1436760449588055
2021_2021-05-22_day1_016_h30,2021,30,0.5555555555555571,1.2126402890492654,1.6666615331023336
2021_2021-05-22_day1_017_h30,2021,30,1.6666666666666643,0.6746354902823413,1.1902984883522634
2021_2021-05-22_day1_018_h30,2021,30,4.444444444444443,1.7506450878161857,2.1896470212458583
2021_2021-05-22_day1_019_h30,2021,30,5.0,2.288649886583106,2.619387622602468
2021_2021-05-22_day1_020_h30,2021,30,2.7777777777777786,1.7506450878161857,1.9099123608851114
2021_2021-05-22_day1_021_h30,2021,30,1.6666666666666714,0.6746354902823413,0.770696497811143
2021_2021-05-22_day1_022_h30,2021,30,1.6666666666666643,0.1366306915154173,0.20108856627415728
2021_2021-05-22_day1_023_h30,2021,30,2.2222222222222214,1.2126402890492654,1.1538146557742974
2021_2021-05-22_day1_024_h30,2021,30,1.1111111111111145,1.7506450878161894,1.5835552571309104
2021_2021-05-22_day1_025_h30,2021,30,-0.5555555555555571,0.6746354902823413,0.4909618374503961
2021_2021-05-22_day1_026_h30,2021,30,-1.1111111111111145,0.1366306915154173,0.014598792700326158
2021_2021-05-22_day1_027_h30,2021,30,-2.2222222222222214,0.6746354902823413,0.537584280843854
2021_2021-05-22_day1_028_h30,2021,30,-1.6666666666666643,1.2126402890492654,1.10719221238084
2021_2021-05-22_day1_029_h30,2021,30,-0.5555555555555571,1.2126402890492654,1.2470595425612134
2021_2021-05-22_day1_000_h60,2021,60,2.222222222222225,3.449367459982165,5.551052572182332
2021_2021-05-22_day1_001_h60,2021,60,2.2222222222222214,3.44936745998216,5.451893460971109
2021_2021-05-22_day1_002_h60,2021,60,2.2222222222222214,3.449367459982165,5.451893460971114
2021_2021-05-22_day1_007_h60,2021,60,3.3333333333333357,4.16720943059663,5.665179145013203
2021_2021-05-22_day1_008_h60,2021,60,2.2222222222222214,3.44936745998216,4.7577796824925835
2021_2021-05-22_day1_009_h60,2021,60,3.888888888888893,2.731525489367695,4.247016664816839
2021_2021-05-22_day1_010_h60,2021,60,3.3333333333333357,2.731525489367695,4.147857553605621
2021_2021-05-22_day1_011_h60,2021,60,2.2222222222222214,2.013683518753229,3.339617202296221
2021_2021-05-22_day1_012_h60,2021,60,1.1111111111111145,1.2958415481387595,2.5313768509868186
2021_2021-05-22_day1_013_h60,2021,60,-0.5555555555555571,1.2958415481387595,2.3330586285643826
2021_2021-05-22_day1_014_h60,2021,60,0.0,1.2958415481387595,2.3330586285643826
2021_2021-05-22_day1_015_h60,2021,60,1.1111111111111072,1.2958415481387595,2.3330586285643826
2021_2021-05-22_day1_016_h60,2021,60,5.0,3.449367459982165,4.460302348858933
2021_2021-05-22_day1_017_h60,2021,60,6.666666666666664,3.44936745998216,4.559461460070146
2021_2021-05-22_day1_018_h60,2021,60,7.222222222222221,4.16720943059663,5.169383588957114
2021_2021-05-22_day1_019_h60,2021,60,6.666666666666671,3.44936745998216,4.261984126436492
2021_2021-05-22_day1_020_h60,2021,60,4.444444444444443,2.0136835187532247,2.4471852013952544
2021_2021-05-22_day1_021_h60,2021,60,3.888888888888893,2.013683518753229,2.2488669789728233
2021_2021-05-22_day1_022_h60,2021,60,2.7777777777777786,2.013683518753229,2.149707867761605
2021_2021-05-22_day1_023_h60,2021,60,1.6666666666666643,2.013683518753229,1.9513896453391681
2021_2021-05-22_day1_024_h60,2021,60,0.0,2.013683518753229,1.7530714229167326
2021_2021-05-22_day1_025_h60,2021,60,-2.7777777777777786,1.2958415481387595,0.9448310716073292
2021_2021-05-22_day1_026_h60,2021,60,-2.7777777777777786,1.2958415481387595,1.0439901828185478
2021_2021-05-22_day1_027_h60,2021,60,-2.7777777777777786,2.013683518753229,1.7530714229167326
2021_2021-05-22_day1_000_h90,2021,90,3.3333333333333357,5.373497330721666,8.322399802013289
2021_2021-05-22_day1_005_h90,2021,90,5.0,6.242092983062568,8.896238919328976
2021_2021-05-22_day1_006_h90,2021,90,6.111111111111111,6.242092983062568,8.896238919328976
2021_2021-05-22_day1_007_h90,2021,90,5.555555555555557,6.242092983062568,8.3273725712116
2021_2021-05-22_day1_008_h90,2021,90,3.888888888888893,5.373497330721666,7.184667105778537
2021_2021-05-22_day1_009_h90,2021,90,3.888888888888893,3.6363060260398665,5.75255569708848
2021_2021-05-22_day1_010_h90,2021,90,2.7777777777777786,2.767710373698964,4.752066818684761
2021_2021-05-22_day1_011_h90,2021,90,1.6666666666666643,2.7677103736989697,4.609850231655421
2021_2021-05-22_day1_012_h90,2021,90,1.6666666666666714,2.7677103736989697,4.467633644626078
2021_2021-05-22_day1_013_h90,2021,90,1.1111111111111072,1.8991147213580672,3.324928179193015
2021_2021-05-22_day1_014_h90,2021,90,4.444444444444443,3.6363060260398665,5.041472761941759
2021_2021-05-22_day1_015_h90,2021,90,6.111111111111107,4.504901678380763,5.899745053316129
2021_2021-05-22_day1_016_h90,2021,90,7.777777777777779,6.242092983062568,7.616289636064879
2021_2021-05-22_day1_017_h90,2021,90,8.333333333333336,4.504901678380763,6.041961640345473
2021_2021-05-22_day1_018_h90,2021,90,8.888888888888886,4.504901678380763,5.899745053316129
2021_2021-05-22_day1_019_h90,2021,90,8.888888888888893,5.373497330721666,6.473584170631816
2021_2021-05-22_day1_020_h90,2021,90,5.555555555555557,4.504901678380769,5.046445531140071
2021_2021-05-22_day1_021_h90,2021,90,3.3333333333333357,2.7677103736989697,3.0454677743326375
2021_2021-05-22_day1_022_h90,2021,90,1.6666666666666643,1.8991147213580672,2.0449788959289186
2021_2021-05-22_day1_023_h90,2021,90,-0.5555555555555571,2.7677103736989697,2.618818013244604
2021_2021-05-22_day1_024_h90,2021,90,-1.6666666666666643,3.6363060260398723,3.192657130560293
2021_2021-05-22_day1_025_h90,2021,90,-3.3333333333333357,2.7677103736989697,2.1921682521565726
2021_2021-05-22_day1_003_h120,2021,120,6.111111111111111,8.298807117230325,10.539867414675356
2021_2021-05-22_day1_004_h120,2021,120,7.777777777777775,9.337831685151798,11.497039723907523
2021_2021-05-22_day1_005_h120,2021,120,6.666666666666664,10.376856253073269,12.313821423352035
2021_2021-05-22_day1_006_h120,2021,120,6.666666666666668,9.337831685151798,11.356649114119872
2021_2021-05-22_day1_007_h120,2021,120,5.555555555555557,7.2597825493088575,8.880742056504936
2021_2021-05-22_day1_008_h120,2021,120,3.3333333333333357,5.1817334134659125,6.685616218465302
2021_2021-05-22_day1_009_h120,2021,120,3.3333333333333357,4.142708845544447,6.009225128808446
2021_2021-05-22_day1_010_h120,2021,120,3.3333333333333357,4.142708845544447,5.868834519020794
2021_2021-05-22_day1_011_h120,2021,120,3.3333333333333286,3.1036842776229805,4.771271600000981
2021_2021-05-22_day1_012_h120,2021,120,6.111111111111114,5.18173341346592,6.545225608677655
2021_2021-05-22_day1_013_h120,2021,120,6.111111111111107,5.1817334134659125,6.264444389102344
2021_2021-05-22_day1_014_h120,2021,120,7.222222222222221,6.220757981387386,7.22161669833451
2021_2021-05-22_day1_015_h120,2021,120,7.777777777777779,5.1817334134659125,6.264444389102344
2021_2021-05-22_day1_016_h120,2021,120,9.444444444444445,6.220757981387386,7.22161669833451
2021_2021-05-22_day1_017_h120,2021,120,10.555555555555555,6.220757981387386,7.362007308122163
2021_2021-05-22_day1_018_h120,2021,120,10.0,7.2597825493088575,8.178789007566676
2021_2021-05-22_day1_019_h120,2021,120,8.333333333333336,6.220757981387386,6.940835478759206
2021_2021-05-22_day1_020_h120,2021,120,4.444444444444443,4.142708845544447,4.464928421144272
2021_2021-05-22_day1_021_h120,2021,120,1.1111111111111145,3.1036842776229805,3.2269748923368082
2021_2021-05-22_day1_022_h120,2021,120,0.0,3.1036842776229805,3.086584282549156
2021_2021-05-22_day1_023_h120,2021,120,-1.1111111111111145,4.142708845544453,3.762975372206016
2022_2022-05-21_day1_000_h15,2022,15,0.5555555555555536,0.3682352835783459,1.0617293429882637
2022_2022-05-21_day1_001_h15,2022,15,0.5555555555555571,0.8236806507386216,1.4189783576057018
2022_2022-05-21_day1_002_h15,2022,15,1.1111111111111107,0.8236806507386216,1.4189783576057018
2022_2022-05-21_day1_003_h15,2022,15,1.6666666666666643,0.3682352835783459,1.0139926796300882
2022_2022-05-21_day1_004_h15,2022,15,0.0,0.8236806507386187,1.3235050308893481
2022_2022-05-21_day1_005_h15,2022,15,0.5555555555555571,-0.08721008358192694,0.5851386699753892
2022_2022-05-21_day1_007_h15,2022,15,0.0,0.3682352835783459,0.9185193529137368
2022_2022-05-21_day1_008_h15,2022,15,0.0,-0.08721008358192989,0.537402006617211
2022_2022-05-21_day1_009_h15,2022,15,0.0,0.3682352835783459,0.8946510212346488
2022_2022-05-21_day1_010_h15,2022,15,1.1111111111111107,0.3682352835783459,0.8946510212346488
2022_2022-05-21_day1_011_h15,2022,15,1.666666666666668,0.3682352835783459,0.8469143578764731
2022_2022-05-21_day1_012_h15,2022,15,0.5555555555555571,0.8236806507386216,1.1564267091357352
2022_2022-05-21_day1_013_h15,2022,15,3.8888888888888857,0.3682352835783459,0.7753093628392095
2022_2022-05-21_day1_014_h15,2022,15,3.3333333333333357,0.8236806507386187,0.9893483873821178
2022_2022-05-21_day1_015_h15,2022,15,1.1111111111111072,1.2791260178988946,1.2511240752832042
2022_2022-05-21_day1_016_h15,2022,15,1.6666666666666714,0.8236806507386216,0.8700067289866809
2022_2022-05-21_day1_017_h15,2022,15,-1.6666666666666714,0.3682352835783459,0.4411527193319794
2022_2022-05-21_day1_018_h15,2022,15,-0.55555555555555,0.3682352835783459,0.5127577143692431
2022_2022-05-21_day1_019_h15,2022,15,-2.7777777777777786,-0.08721008358192989,0.15550869975180504
2022_2022-05-21_day1_020_h15,2022,15,-0.5555555555555571,0.3682352835783459,0.6320993727646822
2022_2022-05-21_day1_021_h15,2022,15,1.6666666666666643,0.8236806507386216,1.037085050740296
2022_2022-05-21_day1_022_h15,2022,15,-5.555555555555557,-0.08721008358192989,0.22711369478906884
2022_2022-05-21_day1_023_h15,2022,15,-0.55555555555555,-0.08721008358192694,0.44192867990086204
2022_2022-05-21_day1_024_h15,2022,15,1.1111111111111072,-1.4535461850627542,-0.7014233589887153
2022_2022-05-21_day1_025_h15,2022,15,1.6666666666666714,-0.5426554507422027,-0.08239865647019107
2022_2022-05-21_day1_026_h15,2022,15,-1.1111111111111145,-0.9981008179024756,-0.5828576611621539
2022_2022-05-21_day1_027_h15,2022,15,-2.2222222222222214,-0.5426554507422027,-0.22560864654471824
2022_2022-05-21_day1_028_h15,2022,15,-0.5555555555555571,0.8236806507386187,0.9654800557030301
2022_2022-05-21_day1_029_h15,2022,15,-3.333333333333332,0.3682352835783459,0.6320993727646824
2022_2022-05-21_day1_000_h30,2022,30,1.1111111111111107,1.2326770691520947,2.415333365255134
2022_2022-05-21_day1_001_h30,2022,30,1.666666666666668,1.9099731210947088,2.8834640157299614
2022_2022-05-21_day1_002_h30,2022,30,2.777777777777775,1.2326770691520947,2.3719929705754503
2022_2022-05-21_day1_003_h30,2022,30,1.6666666666666643,1.2326770691520905,2.328652575895763
2022_2022-05-21_day1_004_h30,2022,30,0.5555555555555571,0.555381017209481,1.6871603467022038
2022_2022-05-21_day1_007_h30,2022,30,0.0,-0.12191503473313281,1.132348906868009
2022_2022-05-21_day1_008_h30,2022,30,0.0,-0.12191503473313281,1.132348906868009
2022_2022-05-21_day1_009_h30,2022,30,1.1111111111111107,0.555381017209481,1.6004795573428356
2022_2022-05-21_day1_010_h30,2022,30,2.7777777777777786,0.555381017209481,1.6004795573428356
2022_2022-05-21_day1_011_h30,2022,30,2.222222222222225,1.2326770691520947,2.025269813137978
2022_2022-05-21_day1_012_h30,2022,30,4.444444444444443,1.2326770691520947,1.8952486290989259
2022_2022-05-21_day1_013_h30,2022,30,7.222222222222221,1.2326770691520905,1.8952486290989226
2022_2022-05-21_day1_014_h30,2022,30,4.444444444444443,2.587269173037314,2.6148079566501523
2022_2022-05-21_day1_015_h30,2022,30,2.7777777777777786,2.5872691730373183,2.3981059832517353
2022_2022-05-21_day1_016_h30,2022,30,0.0,1.2326770691520947,1.3751638929427177
2022_2022-05-21_day1_017_h30,2022,30,-2.2222222222222214,0.555381017209481,0.7770120584288389
2022_2022-05-21_day1_018_h30,2022,30,-3.3333333333333286,-0.12191503473313281,0.3955621973133807
2022_2022-05-21_day1_019_h30,2022,30,-3.3333333333333357,-0.12191503473313281,0.43890259199306425
2022_2022-05-21_day1_020_h30,2022,30,1.1111111111111072,1.2326770691520947,1.6352062610208216
2022_2022-05-21_day1_021_h30,2022,30,-3.888888888888893,0.555381017209481,1.1670756105459952
2022_2022-05-21_day1_022_h30,2022,30,-6.111111111111107,-0.7992110866757424,0.057452730877609604
2022_2022-05-21_day1_023_h30,2022,30,0.5555555555555571,-2.8310992425035795,-1.0868968524687626
2022_2022-05-21_day1_024_h30,2022,30,2.7777777777777786,-3.5083952944461934,-1.5983678976232736
2022_2022-05-21_day1_025_h30,2022,30,0.5555555555555571,-2.831099242503575,-1.3469392205468633
2022_2022-05-21_day1_026_h30,2022,30,-3.3333333333333357,-2.831099242503575,-1.563641193945284
2022_2022-05-21_day1_027_h30,2022,30,-2.7777777777777786,-0.12191503473313281,0.4389025919930647
2022_2022-05-21_day1_028_h30,2022,30,-3.8888888888888897,1.2326770691520905,1.5485254716614505
2022_2022-05-21_day1_000_h60,2022,60,3.8888888888888857,2.775607465872959,4.952940728807119
2022_2022-05-21_day1_001_h60,2022,60,3.333333333333332,3.8465013686252645,5.612320123872841
2022_2022-05-21_day1_002_h60,2022,60,3.333333333333332,1.7047135631206458,4.130831535515949
2022_2022-05-21_day1_006_h60,2022,60,0.0,0.6338196603683335,2.983262745773893
2022_2022-05-21_day1_007_h60,2022,60,1.1111111111111107,-0.43707424238397885,2.242518451595444
2022_2022-05-21_day1_008_h60,2022,60,2.7777777777777786,-0.43707424238397885,2.242518451595444
2022_2022-05-21_day1_009_h60,2022,60,3.3333333333333357,1.7047135631206458,3.64264214083962
2022_2022-05-21_day1_010_h60,2022,60,7.222222222222221,1.7047135631206458,3.64264214083962
2022_2022-05-21_day1_011_h60,2022,60,9.444444444444446,2.7756074658729517,4.22065663679262
2022_2022-05-21_day1_012_h60,2022,60,8.888888888888886,4.917395271377569,5.4580505278113485
2022_2022-05-21_day1_013_h60,2022,60,10.0,4.917395271377569,5.4580505278113485
2022_2022-05-21_day1_014_h60,2022,60,4.444444444444443,4.917395271377569,4.888496234022298
2022_2022-05-21_day1_015_h60,2022,60,0.5555555555555571,3.8465013686252645,3.740927444280246
2022_2022-05-21_day1_016_h60,2022,60,-3.3333333333333286,0.6338196603683335,1.5186945617449052
2022_2022-05-21_day1_017_h60,2022,60,-5.555555555555557,-0.43707424238397885,0.6152204693410135
2022_2022-05-21_day1_018_h60,2022,60,-2.2222222222222214,0.6338196603683335,1.600059460857627
2022_2022-05-21_day1_019_h60,2022,60,-7.2222222222222285,-0.43707424238397885,0.9406800657918994
2022_2022-05-21_day1_020_h60,2022,60,-5.0,-0.4370742423839722,1.2661396622427903
2022_2022-05-21_day1_021_h60,2022,60,-3.3333333333333357,-4.7206498533932155,-1.6154726153582777
2022_2022-05-21_day1_022_h60,2022,60,-3.3333333333333286,-7.933331561650146,-4.000435296119062
2022_2022-05-21_day1_023_h60,2022,60,1.1111111111111145,-10.075119367154757,-4.749639792461455
2022_2022-05-21_day1_024_h60,2022,60,-0.5555555555555571,-11.146013269907069,-5.490384086639905
2022_2022-05-21_day1_025_h60,2022,60,-2.2222222222222214,-5.79154375614552,-2.2748520104239995
2022_2022-05-21_day1_026_h60,2022,60,-7.222222222222225,-3.6497559506409027,-1.200187917630716
2022_2022-05-21_day1_000_h90,2022,90,4.444444444444443,3.394700139470021,7.5231617040149565
2022_2022-05-21_day1_004_h90,2022,90,0.5555555555555571,1.116689911668991,5.420673757927914
2022_2022-05-21_day1_005_h90,2022,90,0.5555555555555571,-0.022315202231516507,4.86851417376478
2022_2022-05-21_day1_006_h90,2022,90,0.0,-0.022315202231523834,4.583323094404557
2022_2022-05-21_day1_007_h90,2022,90,3.3333333333333357,1.116689911668991,5.2780782182478045
2022_2022-05-21_day1_008_h90,2022,90,7.222222222222221,1.116689911668991,5.2780782182478045
2022_2022-05-21_day1_009_h90,2022,90,10.555555555555555,3.3947001394700136,6.5249929262541855
2022_2022-05-21_day1_010_h90,2022,90,11.666666666666664,5.672710367271036,7.914503173940676
2022_2022-05-21_day1_011_h90,2022,90,12.222222222222223,6.81171548117155,8.324067218423703
2022_2022-05-21_day1_012_h90,2022,90,8.888888888888886,6.81171548117155,7.896280599383376
2022_2022-05-21_day1_013_h90,2022,90,7.777777777777779,5.672710367271036,7.2015254755401275
2022_2022-05-21_day1_014_h90,2022,90,1.1111111111111145,4.53370525337052,5.508601573936113
2022_2022-05-21_day1_015_h90,2022,90,-2.7777777777777786,3.3947001394700136,4.100868751692321
2022_2022-05-21_day1_016_h90,2022,90,-2.2222222222222214,2.255695025569506,3.4061136278490785
2022_2022-05-21_day1_017_h90,2022,90,-9.44444444444445,-0.022315202231523834,1.731412300802364
2022_2022-05-21_day1_018_h90,2022,90,-8.333333333333329,-1.1613203161320316,1.4644437959994505
2022_2022-05-21_day1_019_h90,2022,90,-6.666666666666671,-5.717340771734083,-1.171981159693427
2022_2022-05-21_day1_020_h90,2022,90,-2.2222222222222214,-6.856345885634592,-1.296354124816233
2022_2022-05-21_day1_021_h90,2022,90,-2.7777777777777786,-10.273361227336121,-3.238023956665856
2022_2022-05-21_day1_022_h90,2022,90,-6.666666666666664,-13.690376569037657,-5.607480407555812
2022_2022-05-21_day1_023_h90,2022,90,-1.6666666666666643,-11.412366341236634,-2.934610302748336
2022_2022-05-21_day1_024_h90,2022,90,-4.444444444444446,-10.273361227336128,-2.239855178905094
2022_2022-05-21_day1_002_h120,2022,120,3.333333333333332,2.646271561189107,8.293011828766733
2022_2022-05-21_day1_003_h120,2022,120,2.2222222222222214,1.4886496145866475,7.510124573068433
2022_2022-05-21_day1_004_h120,2022,120,0.5555555555555571,0.33102766798418815,6.3758277535710794
2022_2022-05-21_day1_005_h120,2022,120,0.5555555555555571,-0.8265942786182636,5.944350061671836
2022_2022-05-21_day1_006_h120,2022,120,1.1111111111111107,0.33102766798418815,6.200122971671552
2022_2022-05-21_day1_007_h120,2022,120,10.555555555555555,2.6462715611890992,7.414487919269096
2022_2022-05-21_day1_008_h120,2022,120,11.666666666666664,4.961515454394011,8.628852866866639
2022_2022-05-21_day1_009_h120,2022,120,13.333333333333336,7.276759347598929,9.66751303256466
2022_2022-05-21_day1_010_h120,2022,120,11.666666666666664,7.276759347598929,9.66751303256466
2022_2022-05-21_day1_011_h120,2022,120,10.000000000000004,7.276759347598929,9.316103468765604
2022_2022-05-21_day1_012_h120,2022,120,5.555555555555557,6.11913740099647,8.18180664926825
2022_2022-05-21_day1_013_h120,2022,120,4.444444444444443,4.961515454394011,7.574624175469476
2022_2022-05-21_day1_014_h120,2022,120,2.2222222222222214,6.11913740099647,6.951873175971562
2022_2022-05-21_day1_015_h120,2022,120,-6.666666666666671,3.8038935077915585,4.858984318876383
2022_2022-05-21_day1_016_h120,2022,120,-8.333333333333329,0.3310276679841957,3.0374368974800694
2022_2022-05-21_day1_017_h120,2022,120,-8.888888888888893,-5.457082065028093,-0.34988503531285
2022_2022-05-21_day1_018_h120,2022,120,-5.55555555555555,-7.772325958233004,-1.0371356372118115
2022_2022-05-21_day1_019_h120,2022,120,-6.111111111111114,-11.245191798040368,-2.6829782767085995
2022_2022-05-21_day1_020_h120,2022,120,-5.555555555555557,-12.40281374464282,-2.5873416229092623
2022_2022-05-21_day1_021_h120,2022,120,-5.555555555555557,-11.245191798040368,-1.8044543672109636
2022_2022-05-21_day1_022_h120,2022,120,-10.555555555555554,-12.402813744642827,-2.76304640480879
2023_2023-05-20_day1_000_h15,2023,15,0.5555555555555571,0.33921689584038117,0.6383060146554185
2023_2023-05-20_day1_001_h15,2023,15,1.1111111111111107,0.800615551973678,1.071455136919198
2023_2023-05-20_day1_002_h15,2023,15,0.5555555555555571,0.33921689584038117,0.5972146685414652
2023_2023-05-20_day1_003_h15,2023,15,1.1111111111111107,0.8006155519736795,1.030363790805246
2023_2023-05-20_day1_004_h15,2023,15,0.5555555555555536,0.33921689584038117,0.556123322427512
2023_2023-05-20_day1_006_h15,2023,15,1.1111111111111107,0.33921689584038117,0.37121226491472253
2023_2023-05-20_day1_007_h15,2023,15,1.1111111111111145,1.2620142081069794,1.237510509442286
2023_2023-05-20_day1_008_h15,2023,15,2.7777777777777786,0.33921689584038117,0.3301209188007693
2023_2023-05-20_day1_009_h15,2023,15,1.1111111111111072,0.33921689584038117,0.22739255351588616
2023_2023-05-20_day1_010_h15,2023,15,1.6666666666666714,0.33921689584038117,0.18630120740193312
2023_2023-05-20_day1_011_h15,2023,15,1.1111111111111072,0.33921689584038117,0.12466418823100311
2023_2023-05-20_day1_012_h15,2023,15,1.6666666666666643,0.800615551973678,0.5372676374378063
2023_2023-05-20_day1_013_h15,2023,15,1.1111111111111145,-0.12218176029291566,-0.41121329931765926
2023_2023-05-20_day1_014_h15,2023,15,1.1111111111111145,1.2620142081069776,0.8882340674736823
2023_2023-05-20_day1_015_h15,2023,15,1.1111111111111072,0.33921689584038117,-0.01915552316783309
2023_2023-05-20_day1_016_h15,2023,15,0.5555555555555571,0.33921689584038117,-0.06024686928178613
2023_2023-05-20_day1_017_h15,2023,15,0.0,0.33921689584038117,-0.08079254233876287
2023_2023-05-20_day1_018_h15,2023,15,1.1111111111111072,1.2620142081069776,0.8265970483027524
2023_2023-05-20_day1_019_h15,2023,15,1.1111111111111145,0.33921689584038117,-0.08079254233876276
2023_2023-05-20_day1_020_h15,2023,15,0.0,0.33921689584038117,-0.12188388845271603
2023_2023-05-20_day1_021_h15,2023,15,-0.5555555555555571,0.33921689584038117,-0.12188388845271603
2023_2023-05-20_day1_022_h15,2023,15,0.0,0.33921689584038117,-0.1013382153957394
2023_2023-05-20_day1_023_h15,2023,15,0.0,-0.1221817602929186,-0.5550330107164986
2023_2023-05-20_day1_024_h15,2023,15,0.5555555555555571,0.800615551973681,0.33181090686804304
2023_2023-05-20_day1_025_h15,2023,15,-0.5555555555555571,0.33921689584038117,-0.12188388845271603
2023_2023-05-20_day1_026_h15,2023,15,0.0,0.33921689584038117,-0.1013382153957394
2023_2023-05-20_day1_027_h15,2023,15,0.0,0.33921689584038117,-0.1013382153957394
2023_2023-05-20_day1_028_h15,2023,15,0.0,0.33921689584038117,-0.1013382153957394
2023_2023-05-20_day1_029_h15,2023,15,-0.5555555555555571,0.33921689584038117,-0.1013382153957394
2023_2023-05-20_day1_030_h15,2023,15,-2.2222222222222214,0.33921689584038117,-0.08079254233876276
2023_2023-05-20_day1_031_h15,2023,15,0.0,0.33921689584038117,0.0013901498891436548
2023_2023-05-20_day1_032_h15,2023,15,-1.1111111111111072,0.800615551973678,0.4550849452098999
2023_2023-05-20_day1_033_h15,2023,15,-1.6666666666666714,-0.12218176029291566,-0.39066762626068285
2023_2023-05-20_day1_000_h30,2023,30,1.666666666666668,1.1935587938107912,1.8263395021973259
2023_2023-05-20_day1_001_h30,2023,30,1.666666666666668,1.1935587938107912,1.7823108719828091
2023_2023-05-20_day1_002_h30,2023,30,1.666666666666668,1.193558793810793,1.738282241768294
2023_2023-05-20_day1_003_h30,2023,30,1.6666666666666643,1.193558793810793,1.6942536115537772
2023_2023-05-20_day1_006_h30,2023,30,2.222222222222225,1.7339274192566632,1.7748059787436594
2023_2023-05-20_day1_007_h30,2023,30,3.888888888888893,1.7339274192566632,1.6867487183146261
2023_2023-05-20_day1_008_h30,2023,30,3.8888888888888857,0.6531901683649248,0.6450713796445311
2023_2023-05-20_day1_009_h30,2023,30,2.7777777777777786,0.6531901683649248,0.424928228571948
2023_2023-05-20_day1_010_h30,2023,30,2.7777777777777786,0.6531901683649248,0.3368709681429152
2023_2023-05-20_day1_011_h30,2023,30,2.7777777777777715,1.1935587938107912,0.7256237468344098
2023_2023-05-20_day1_012_h30,2023,30,2.7777777777777786,0.6531901683649248,0.11672781707033186
2023_2023-05-20_day1_013_h30,2023,30,2.2222222222222285,1.1935587938107948,0.549509225976347
2023_2023-05-20_day1_014_h30,2023,30,2.2222222222222214,1.7339274192566614,0.938262004667842
2023_2023-05-20_day1_015_h30,2023,30,1.6666666666666643,0.6531901683649248,-0.10341533400225145
2023_2023-05-20_day1_016_h30,2023,30,0.5555555555555571,0.6531901683649248,-0.1914725944312845
2023_2023-05-20_day1_017_h30,2023,30,1.1111111111111072,1.7339274192566614,0.806176114024292
2023_2023-05-20_day1_018_h30,2023,30,2.2222222222222214,1.7339274192566614,0.806176114024292
2023_2023-05-20_day1_019_h30,2023,30,1.1111111111111145,0.6531901683649248,-0.2355012246458008
2023_2023-05-20_day1_020_h30,2023,30,-0.5555555555555571,0.6531901683649248,-0.32355848507483453
2023_2023-05-20_day1_021_h30,2023,30,-0.5555555555555571,0.6531901683649248,-0.32355848507483453
2023_2023-05-20_day1_022_h30,2023,30,0.0,0.11282154291905488,-0.8003685241953657
2023_2023-05-20_day1_023_h30,2023,30,0.5555555555555571,0.6531901683649248,-0.27952985486031756
2023_2023-05-20_day1_024_h30,2023,30,0.0,1.1935587938107948,0.19728018426021388
2023_2023-05-20_day1_025_h30,2023,30,-0.5555555555555571,0.6531901683649248,-0.32355848507483453
2023_2023-05-20_day1_026_h30,2023,30,0.0,0.6531901683649248,-0.27952985486031756
2023_2023-05-20_day1_027_h30,2023,30,0.0,0.6531901683649248,-0.27952985486031756
2023_2023-05-20_day1_028_h30,2023,30,-0.5555555555555571,0.6531901683649248,-0.27952985486031756
2023_2023-05-20_day1_029_h30,2023,30,-2.7777777777777786,0.6531901683649248,-0.27952985486031756
2023_2023-05-20_day1_030_h30,2023,30,-2.2222222222222214,0.6531901683649248,-0.2355012246458008
2023_2023-05-20_day1_031_h30,2023,30,-1.1111111111111072,1.1935587938107912,0.4614519655473104
2023_2023-05-20_day1_032_h30,2023,30,-2.7777777777777786,0.6531901683649248,-0.059386703787734474
2023_2023-05-20_day1_000_h60,2023,60,3.3333333333333357,2.717504004659965,4.056643952943787
2023_2023-05-20_day1_001_h60,2023,60,3.333333333333332,2.717504004659965,3.964920556585513
2023_2023-05-20_day1_006_h60,2023,60,6.111111111111111,2.717504004659969,2.8642398002862297
2023_2023-05-20_day1_007_h60,2023,60,6.666666666666671,2.717504004659969,2.6807930075696818
2023_2023-05-20_day1_008_h60,2023,60,6.666666666666664,1.2835444881316445,1.2835709352446178
2023_2023-05-20_day1_009_h60,2023,60,5.55555555555555,2.0005242463958037,1.5235649896157764
2023_2023-05-20_day1_010_h60,2023,60,5.555555555555557,1.2835444881316445,0.6415071607367007
2023_2023-05-20_day1_011_h60,2023,60,5.0,2.7175040046599674,1.763559043986939
2023_2023-05-20_day1_012_h60,2023,60,5.0,2.7175040046599674,1.5801122512703916
2023_2023-05-20_day1_013_h60,2023,60,3.888888888888893,2.000524246395808,0.6980544223913152
2023_2023-05-20_day1_014_h60,2023,60,2.7777777777777786,2.7175040046599674,1.1214952694790217
2023_2023-05-20_day1_015_h60,2023,60,2.7777777777777715,2.7175040046599674,1.1214952694790212
2023_2023-05-20_day1_016_h60,2023,60,2.7777777777777786,2.7175040046599674,0.9380484767624737
2023_2023-05-20_day1_017_h60,2023,60,2.2222222222222214,2.7175040046599674,0.8463250804041995
2023_2023-05-20_day1_018_h60,2023,60,1.6666666666666643,2.7175040046599674,0.8463250804041995
2023_2023-05-20_day1_019_h60,2023,60,0.5555555555555571,1.2835444881316445,-0.5508969919208608
2023_2023-05-20_day1_020_h60,2023,60,-0.5555555555555571,0.5665647298674807,-1.4329548207999423
2023_2023-05-20_day1_021_h60,2023,60,0.0,1.2835444881316445,-0.7343437846374101
2023_2023-05-20_day1_022_h60,2023,60,0.0,1.2835444881316445,-0.642620388279135
2023_2023-05-20_day1_023_h60,2023,60,0.0,1.2835444881316445,-0.642620388279135
2023_2023-05-20_day1_024_h60,2023,60,0.0,2.000524246395808,-0.03573274847487706
2023_2023-05-20_day1_025_h60,2023,60,-0.5555555555555571,1.2835444881316445,-0.7343437846374101
2023_2023-05-20_day1_026_h60,2023,60,-0.5555555555555571,1.2835444881316445,-0.642620388279135
2023_2023-05-20_day1_027_h60,2023,60,-2.7777777777777786,1.2835444881316445,-0.642620388279135
2023_2023-05-20_day1_028_h60,2023,60,-2.7777777777777786,1.2835444881316445,-0.642620388279135
2023_2023-05-20_day1_029_h60,2023,60,-3.8888888888888857,2.0005242463958037,0.05599064788339314
2023_2023-05-20_day1_030_h60,2023,60,-5.0,1.2835444881316445,-0.5508969919208608
2023_2023-05-20_day1_004_h90,2023,90,6.666666666666664,4.455339377894041,5.706258434308881
2023_2023-05-20_day1_005_h90,2023,90,7.222222222222221,4.455339377894041,5.580531353259873
2023_2023-05-20_day1_006_h90,2023,90,8.88888888888889,3.6162095957640297,3.7533354301662705
2023_2023-05-20_day1_007_h90,2023,90,9.444444444444445,4.455339377894041,4.323260542769784
2023_2023-05-20_day1_008_h90,2023,90,9.444444444444445,1.937950031503999,1.8591227186651813
2023_2023-05-20_day1_009_h90,2023,90,7.777777777777779,3.616209595764027,2.8732458628232047
2023_2023-05-20_day1_010_h90,2023,90,7.777777777777779,3.616209595764027,2.6217917007251876
2023_2023-05-20_day1_011_h90,2023,90,6.666666666666664,3.616209595764027,2.24461045757816
2023_2023-05-20_day1_012_h90,2023,90,5.555555555555557,3.616209595764027,1.993156295480143
2023_2023-05-20_day1_013_h90,2023,90,5.0,4.4553393778940436,2.563081408083662
2023_2023-05-20_day1_014_h90,2023,90,5.0,5.294469160024055,3.0072794396381664
2023_2023-05-20_day1_015_h90,2023,90,3.8888888888888857,3.616209595764027,1.3645208902350974
2023_2023-05-20_day1_016_h90,2023,90,2.2222222222222214,3.616209595764027,1.1130667281370807
2023_2023-05-20_day1_017_h90,2023,90,1.6666666666666643,3.616209595764027,0.9873396470880715
2023_2023-05-20_day1_018_h90,2023,90,1.6666666666666643,2.7770798136340105,0.16596037238653505
2023_2023-05-20_day1_019_h90,2023,90,1.1111111111111145,1.937950031503999,-0.6554189023149961
2023_2023-05-20_day1_020_h90,2023,90,-0.5555555555555571,1.937950031503999,-0.9068730644130145
2023_2023-05-20_day1_021_h90,2023,90,-0.5555555555555571,1.937950031503999,-0.9068730644130145
2023_2023-05-20_day1_022_h90,2023,90,0.0,1.937950031503999,-0.7811459833640049
2023_2023-05-20_day1_023_h90,2023,90,0.0,1.937950031503999,-0.7811459833640049
2023_2023-05-20_day1_024_h90,2023,90,-0.5555555555555571,2.777079813634016,-0.08549378971147803
2023_2023-05-20_day1_025_h90,2023,90,-3.3333333333333357,1.937950031503999,-0.9068730644130145
2023_2023-05-20_day1_026_h90,2023,90,-2.7777777777777786,1.937950031503999,-0.7811459833640049
2023_2023-05-20_day1_027_h90,2023,90,-3.8888888888888857,2.7770798136340105,0.04023329133752629
2023_2023-05-20_day1_028_h90,2023,90,-5.555555555555557,1.937950031503999,-0.7811459833640049
2023_2023-05-20_day1_002_h120,2023,120,8.333333333333332,6.025505479468213,7.132394589742458
2023_2023-05-20_day1_003_h120,2023,120,8.888888888888886,6.025505479468213,7.020462350277404
2023_2023-05-20_day1_004_h120,2023,120,8.88888888888889,6.996201531184015,7.819085905508004
2023_2023-05-20_day1_005_h120,2023,120,11.111111111111114,6.996201531184015,7.7071536660429505
2023_2023-05-20_day1_006_h120,2023,120,11.666666666666668,4.084113376036617,4.080028366235565
2023_2023-05-20_day1_007_h120,2023,120,11.666666666666671,6.025505479468215,5.677275476696759
2023_2023-05-20_day1_008_h120,2023,120,11.666666666666664,4.084113376036615,3.8561638873054536
2023_2023-05-20_day1_009_h120,2023,120,9.444444444444445,4.084113376036615,3.2965026899801835
2023_2023-05-20_day1_010_h120,2023,120,8.333333333333336,4.084113376036615,3.072638211050076
2023_2023-05-20_day1_011_h120,2023,120,7.7777777777777715,6.025505479468213,4.557953082046215
2023_2023-05-20_day1_012_h120,2023,120,7.777777777777779,6.025505479468213,4.334088603116108
2023_2023-05-20_day1_013_h120,2023,120,6.111111111111114,5.054809427752417,3.1996683294903523
2023_2023-05-20_day1_014_h120,2023,120,4.444444444444443,6.025505479468213,3.774427405790837
2023_2023-05-20_day1_015_h120,2023,120,3.3333333333333286,4.084113376036615,1.9533158163995346
2023_2023-05-20_day1_016_h120,2023,120,2.2222222222222214,3.113417324320812,0.818895542773773
2023_2023-05-20_day1_017_h120,2023,120,2.2222222222222214,4.084113376036615,1.6175190980043728
2023_2023-05-20_day1_018_h120,2023,120,1.6666666666666643,4.084113376036615,1.6175190980043728
2023_2023-05-20_day1_019_h120,2023,120,0.5555555555555571,2.142721272605016,-0.20359249138692803
2023_2023-05-20_day1_020_h120,2023,120,-0.5555555555555571,2.142721272605016,-0.4274569703170368
2023_2023-05-20_day1_021_h120,2023,120,-0.5555555555555571,2.142721272605016,-0.4274569703170368
2023_2023-05-20_day1_022_h120,2023,120,-0.5555555555555571,2.142721272605016,-0.3155247308519824
2023_2023-05-20_day1_023_h120,2023,120,-2.7777777777777786,2.142721272605016,-0.3155247308519824
2023_2023-05-20_day1_024_h120,2023,120,-2.7777777777777786,3.1134173243208183,0.48309882437861695
2023_2023-05-20_day1_025_h120,2023,120,-4.444444444444443,3.113417324320812,0.48309882437861074
2023_2023-05-20_day1_026_h120,2023,120,-5.555555555555557,2.142721272605016,-0.3155247308519824
2024_2024-05-18_day1_000_h15,2024,15,1.1111111111111145,0.32555123216601806,0.5450291027040244
2024_2024-05-18_day1_001_h15,2024,15,0.5555555555555536,0.8011240812797248,0.9792232808234866
2024_2024-05-18_day1_002_h15,2024,15,1.1111111111111107,0.8011240812797218,0.9792232808234838
2024_2024-05-18_day1_003_h15,2024,15,1.666666666666668,0.8011240812797248,0.9624366692283473
2024_2024-05-18_day1_004_h15,2024,15,1.666666666666668,1.2766969303934284,1.3966308473478066
2024_2024-05-18_day1_006_h15,2024,15,0.5555555555555571,0.8011240812797248,0.8617169996575109
2024_2024-05-18_day1_007_h15,2024,15,1.6666666666666643,1.2766969303934284,1.329484400967249
2024_2024-05-18_day1_008_h15,2024,15,0.5555555555555571,0.8011240812797218,0.8449303880623684
2024_2024-05-18_day1_009_h15,2024,15,0.5555555555555571,-0.15002161694768562,-0.0906044145571081
2024_2024-05-18_day1_010_h15,2024,15,2.2222222222222214,1.2766969303934284,1.2791245661818307
2024_2024-05-18_day1_011_h15,2024,15,-1.1111111111111145,0.32555123216601806,0.3100165403720725
2024_2024-05-18_day1_012_h15,2024,15,1.6666666666666714,0.8011240812797248,0.8113571648720926
2024_2024-05-18_day1_013_h15,2024,15,1.6666666666666643,0.32555123216601806,0.3100165403720725
2024_2024-05-18_day1_014_h15,2024,15,-1.1111111111111072,0.32555123216601806,0.2596567055866543
2024_2024-05-18_day1_015_h15,2024,15,3.8888888888888857,0.8011240812797218,0.7609973300866714
2024_2024-05-18_day1_016_h15,2024,15,0.5555555555555571,0.32555123216601806,0.19251025920609655
2024_2024-05-18_day1_017_h15,2024,15,0.0,0.32555123216601806,0.17572364761095716
2024_2024-05-18_day1_018_h15,2024,15,-0.5555555555555571,0.8011240812797248,0.6434910489206983
2024_2024-05-18_day1_019_h15,2024,15,2.2222222222222214,-0.15002161694768867,-0.2584705305085052
2024_2024-05-18_day1_020_h15,2024,15,1.6666666666666643,0.8011240812797248,0.5931312141352801
2024_2024-05-18_day1_021_h15,2024,15,-1.1111111111111072,0.32555123216601806,0.09179058963526032
2024_2024-05-18_day1_022_h15,2024,15,0.5555555555555571,0.8011240812797218,0.5931312141352771
2024_2024-05-18_day1_023_h15,2024,15,1.1111111111111072,-0.15002161694768562,-0.3424035884841993
2024_2024-05-18_day1_024_h15,2024,15,1.1111111111111145,1.2766969303934284,1.0105387806596002
2024_2024-05-18_day1_025_h15,2024,15,-1.1111111111111145,0.8011240812797218,0.5427713793498589
2024_2024-05-18_day1_026_h15,2024,15,-1.6666666666666643,-0.15002161694768562,-0.3424035884841993
2024_2024-05-18_day1_027_h15,2024,15,2.2222222222222214,-0.15002161694768867,-0.3088303652939234
2024_2024-05-18_day1_028_h15,2024,15,0.5555555555555571,0.8011240812797248,0.5427713793498619
2024_2024-05-18_day1_029_h15,2024,15,0.5555555555555571,-0.15002161694768867,-0.39276342326962055
2024_2024-05-18_day1_030_h15,2024,15,-1.1111111111111145,0.8011240812797248,0.5091981561595829
2024_2024-05-18_day1_031_h15,2024,15,-1.1111111111111145,0.32555123216601806,0.0917905896352601
2024_2024-05-18_day1_032_h15,2024,15,-0.55555555555555,0.32555123216601806,0.1253638128255391
2024_2024-05-18_day1_033_h15,2024,15,-1.1111111111111145,0.32555123216601806,0.14215042442067827
2024_2024-05-18_day1_000_h30,2024,30,1.666666666666668,1.1959362534142954,1.6787541295351356
2024_2024-05-18_day1_001_h30,2024,30,1.6666666666666643,1.7742537680048724,2.1641268807549414
2024_2024-05-18_day1_002_h30,2024,30,2.7777777777777786,1.7742537680048724,2.164126880754942
2024_2024-05-18_day1_003_h30,2024,30,3.3333333333333357,2.352571282595453,2.6867936207166565
2024_2024-05-18_day1_006_h30,2024,30,2.2222222222222214,2.352571282595453,2.4630296882652294
2024_2024-05-18_day1_007_h30,2024,30,2.2222222222222214,2.3525712825954495,2.4630296882652254
2024_2024-05-18_day1_008_h30,2024,30,1.1111111111111145,0.6176187388237149,0.7458535134124707
2024_2024-05-18_day1_009_h30,2024,30,2.7777777777777786,1.1959362534142954,1.3058142421160897
2024_2024-05-18_day1_010_h30,2024,30,1.1111111111111072,1.7742537680048724,1.791186993335896
2024_2024-05-18_day1_011_h30,2024,30,0.5555555555555571,1.1959362534142954,1.1566382871484715
2024_2024-05-18_day1_012_h30,2024,30,3.3333333333333357,1.1959362534142954,1.231226264632281
2024_2024-05-18_day1_013_h30,2024,30,0.5555555555555571,0.6176187388237149,0.5966775584448525
2024_2024-05-18_day1_014_h30,2024,30,2.7777777777777786,1.1959362534142919,1.0447563209227542
2024_2024-05-18_day1_015_h30,2024,30,4.444444444444443,1.1959362534142919,1.1193442984065634
2024_2024-05-18_day1_016_h30,2024,30,0.5555555555555571,0.6176187388237149,0.33561963725152033
2024_2024-05-18_day1_017_h30,2024,30,-0.5555555555555571,1.1959362534142954,0.8582863772132346
2024_2024-05-18_day1_018_h30,2024,30,1.6666666666666643,0.6176187388237149,0.29832564850961574
2024_2024-05-18_day1_019_h30,2024,30,3.8888888888888857,0.6176187388237149,0.3729136259934249
2024_2024-05-18_day1_020_h30,2024,30,0.5555555555555571,1.1959362534142954,0.7464044109875211
2024_2024-05-18_day1_021_h30,2024,30,-0.55555555555555,1.1959362534142919,0.6718164335037089
2024_2024-05-18_day1_022_h30,2024,30,1.6666666666666643,0.6176187388237149,0.18644368228390196
2024_2024-05-18_day1_023_h30,2024,30,2.2222222222222214,1.1959362534142954,0.7464044109875211
2024_2024-05-18_day1_024_h30,2024,30,0.0,2.3525712825954495,1.7544439021690383
2024_2024-05-18_day1_025_h30,2024,30,-2.7777777777777786,0.6176187388237149,0.07456171605818818
2024_2024-05-18_day1_026_h30,2024,30,0.5555555555555571,-0.5390162903574427,-0.9334777751233325
2024_2024-05-18_day1_027_h30,2024,30,2.7777777777777786,0.6176187388237149,0.26103165976771114
2024_2024-05-18_day1_028_h30,2024,30,1.1111111111111145,0.6176187388237149,0.07456171605818818
2024_2024-05-18_day1_029_h30,2024,30,-0.5555555555555571,0.6176187388237149,0.07456171605818818
2024_2024-05-18_day1_030_h30,2024,30,-2.2222222222222285,1.1959362534142954,0.5599344672779978
2024_2024-05-18_day1_031_h30,2024,30,-1.6666666666666643,0.6176187388237149,0.11185570480009299
2024_2024-05-18_day1_032_h30,2024,30,-1.6666666666666643,0.6176187388237149,0.1864436822839024
2024_2024-05-18_day1_000_h60,2024,60,4.444444444444446,3.493777355903603,4.656241443447895
2024_2024-05-18_day1_001_h60,2024,60,5.0,4.998022464799874,5.964322204568517
2024_2024-05-18_day1_004_h60,2024,60,5.555555555555554,5.750145019248007,6.446343739737799
2024_2024-05-18_day1_005_h60,2024,60,4.444444444444443,4.998022464799874,5.620284513786462
2024_2024-05-18_day1_006_h60,2024,60,3.3333333333333357,3.493777355903603,3.882156639188271
2024_2024-05-18_day1_007_h60,2024,60,5.0,4.245899910351735,4.622206442444094
2024_2024-05-18_day1_008_h60,2024,60,2.2222222222222214,2.741654801455465,3.056097413236929
2024_2024-05-18_day1_009_h60,2024,60,3.3333333333333357,2.74165480145547,3.0560974132369334
2024_2024-05-18_day1_010_h60,2024,60,4.444444444444443,3.493777355903603,3.6241283711017287
2024_2024-05-18_day1_011_h60,2024,60,1.1111111111111145,1.989532247007332,1.9720099191990506
2024_2024-05-18_day1_012_h60,2024,60,6.111111111111114,2.741654801455465,2.8840785678459016
2024_2024-05-18_day1_013_h60,2024,60,5.0,1.9895322470073273,1.9720099191990457
2024_2024-05-18_day1_014_h60,2024,60,3.3333333333333357,1.9895322470073273,1.7139816511125046
2024_2024-05-18_day1_015_h60,2024,60,3.8888888888888857,2.741654801455465,2.6260502997593598
2024_2024-05-18_day1_016_h60,2024,60,2.2222222222222214,1.2374096925591944,0.6298941570746259
2024_2024-05-18_day1_017_h60,2024,60,3.3333333333333286,1.989532247007332,1.2839345376349391
2024_2024-05-18_day1_018_h60,2024,60,2.2222222222222214,1.989532247007332,1.2839345376349391
2024_2024-05-18_day1_019_h60,2024,60,3.3333333333333357,1.9895322470073273,1.4559533830259626
2024_2024-05-18_day1_020_h60,2024,60,2.2222222222222214,1.989532247007332,1.0259062695483983
2024_2024-05-18_day1_021_h60,2024,60,1.6666666666666714,2.741654801455465,1.5939372274131944
2024_2024-05-18_day1_022_h60,2024,60,1.6666666666666643,3.493777355903598,2.506005876060044
2024_2024-05-18_day1_023_h60,2024,60,-0.5555555555555571,1.989532247007332,1.0259062695483983
2024_2024-05-18_day1_024_h60,2024,60,0.5555555555555571,1.9895322470073273,0.767878001461852
2024_2024-05-18_day1_025_h60,2024,60,0.0,1.2374096925591944,0.027828198206028887
2024_2024-05-18_day1_026_h60,2024,60,1.6666666666666714,-0.2668354163370761,-1.19424314021908
2024_2024-05-18_day1_027_h60,2024,60,2.2222222222222214,1.2374096925591944,0.4578753116835981
2024_2024-05-18_day1_028_h60,2024,60,-1.1111111111111145,1.989532247007332,0.7678780014618565
2024_2024-05-18_day1_029_h60,2024,60,-2.2222222222222214,1.2374096925591944,0.027828198206028887
2024_2024-05-18_day1_030_h60,2024,60,-3.888888888888893,1.989532247007332,0.5958591560708282
2024_2024-05-18_day1_002_h90,2024,90,8.333333333333332,9.265531785980608,10.673062176255355
2024_2024-05-18_day1_003_h90,2024,90,7.777777777777779,9.265531785980615,10.54397342165423
2024_2024-05-18_day1_004_h90,2024,90,7.777777777777775,10.186311521252795,11.198602359504765
2024_2024-05-18_day1_005_h90,2024,90,6.666666666666664,9.265531785980608,10.156707157850832
2024_2024-05-18_day1_006_h90,2024,90,4.444444444444443,6.5031925801640575,7.031021552889046
2024_2024-05-18_day1_007_h90,2024,90,5.555555555555557,6.5031925801640575,7.031021552889046
2024_2024-05-18_day1_008_h90,2024,90,5.555555555555557,4.661633109619689,5.076319904182316
2024_2024-05-18_day1_009_h90,2024,90,3.888888888888893,3.7408533743475068,4.163513457129519
2024_2024-05-18_day1_010_h90,2024,90,7.222222222222221,5.58241284489187,5.73094884203285
2024_2024-05-18_day1_011_h90,2024,90,5.555555555555557,3.7408533743475,3.64715843872499
2024_2024-05-18_day1_012_h90,2024,90,6.666666666666671,3.7408533743475,3.9053359479272522
2024_2024-05-18_day1_013_h90,2024,90,4.444444444444443,3.7408533743475,3.64715843872499
2024_2024-05-18_day1_014_h90,2024,90,5.0,2.8200736390753125,2.3470857278687958
2024_2024-05-18_day1_015_h90,2024,90,7.7777777777777715,3.7408533743475,3.5180696841238595
2024_2024-05-18_day1_016_h90,2024,90,2.7777777777777786,2.8200736390753187,1.8307307094642775
2024_2024-05-18_day1_017_h90,2024,90,2.7777777777777786,3.7408533743475,2.6144484019159426
2024_2024-05-18_day1_018_h90,2024,90,3.8888888888888857,2.8200736390753187,1.7016419548631463
2024_2024-05-18_day1_019_h90,2024,90,5.555555555555557,3.7408533743475,2.872625911118205
2024_2024-05-18_day1_020_h90,2024,90,2.2222222222222214,5.58241284489187,4.052795032218149
2024_2024-05-18_day1_021_h90,2024,90,-1.1111111111111072,3.7408533743475,1.9690046289102905
2024_2024-05-18_day1_022_h90,2024,90,2.2222222222222214,2.8200736390753125,1.3143756910597486
2024_2024-05-18_day1_023_h90,2024,90,2.2222222222222214,2.8200736390753187,1.3143756910597544
2024_2024-05-18_day1_024_h90,2024,90,1.6666666666666714,2.8200736390753125,0.9271094272563563
2024_2024-05-18_day1_025_h90,2024,90,-0.5555555555555571,1.899293903803131,0.014302980203559024
2024_2024-05-18_day1_026_h90,2024,90,-0.5555555555555571,0.9785141685309491,-0.5112372030458436
2024_2024-05-18_day1_027_h90,2024,90,0.5555555555555571,1.899293903803131,0.6597467532092143
2024_2024-05-18_day1_028_h90,2024,90,-2.7777777777777786,2.8200736390753187,0.9271094272563616
2024_2024-05-18_day1_000_h120,2024,120,10.0,11.984713585029617,12.890604678516123
2024_2024-05-18_day1_001_h120,2024,120,9.444444444444445,13.086337943611875,13.669495319878612
2024_2024-05-18_day1_002_h120,2024,120,10.555555555555554,14.187962302194125,14.69526869745369
2024_2024-05-18_day1_003_h120,2024,120,10.0,14.187962302194125,14.571827329347393
2024_2024-05-18_day1_004_h120,2024,120,8.88888888888889,11.984713585029617,12.273397837984634
2024_2024-05-18_day1_005_h120,2024,120,9.444444444444445,11.984713585029617,12.149956469878337
2024_2024-05-18_day1_006_h120,2024,120,7.777777777777779,8.679840509282862,8.702312232834206
2024_2024-05-18_day1_007_h120,2024,120,6.111111111111114,7.578216150700604,7.676538855259123
2024_2024-05-18_day1_008_h120,2024,120,8.333333333333336,6.476591792118347,6.527324109577741
2024_2024-05-18_day1_009_h120,2024,120,8.333333333333336,5.3749674335360975,5.501550732002663
2024_2024-05-18_day1_010_h120,2024,120,7.777777777777779,6.476591792118347,6.280441373365145
2024_2024-05-18_day1_011_h120,2024,120,5.0,5.3749674335360975,5.0077852595774734
2024_2024-05-18_day1_012_h120,2024,120,8.333333333333336,4.27334307495384,4.2288946182149845
2024_2024-05-18_day1_013_h120,2024,120,8.333333333333329,4.27334307495384,3.9820118820023884
2024_2024-05-18_day1_014_h120,2024,120,5.555555555555557,4.27334307495384,3.6116877776834966
2024_2024-05-18_day1_015_h120,2024,120,7.222222222222221,5.37496743353609,4.884343891471168
2024_2024-05-18_day1_016_h120,2024,120,4.444444444444443,3.1717187163715903,2.0921489276832284
2024_2024-05-18_day1_017_h120,2024,120,5.0,5.3749674335360975,4.020254314727093
2024_2024-05-18_day1_018_h120,2024,120,3.8888888888888857,6.476591792118347,5.04602769230217
2024_2024-05-18_day1_019_h120,2024,120,2.7777777777777786,4.27334307495384,3.241363673364604
2024_2024-05-18_day1_020_h120,2024,120,2.7777777777777786,4.27334307495384,2.624156832833116
2024_2024-05-18_day1_021_h120,2024,120,1.6666666666666714,4.27334307495384,2.3772740966205226
2024_2024-05-18_day1_022_h120,2024,120,3.3333333333333357,3.171718716371583,1.5983834552580318
2024_2024-05-18_day1_023_h120,2024,120,1.6666666666666643,3.1717187163715903,1.5983834552580385
2024_2024-05-18_day1_024_h120,2024,120,-0.5555555555555571,4.27334307495384,2.253832728514224
2024_2024-05-18_day1_025_h120,2024,120,-2.2222222222222214,2.0700943577893334,0.20228597336406118
2024_2024-05-18_day1_026_h120,2024,120,-2.2222222222222214,0.9684699992070835,-0.4531632998921227
